X,Y,Rang,Type,ID
768405.645259215,6271802.29609327,1,Site,1
768408.21731678,6271806.5838106,1,Site,2
768410.789374345,6271810.87152793,1,Site,3
768413.36143191,6271815.15924526,1,Site,4
768415.933489474,6271819.44696258,1,Site,5
768418.505547039,6271823.73467991,1,Site,6
768421.077604604,6271828.02239724,1,Site,7
768423.649662168,6271832.31011457,1,Site,8
768426.221719733,6271836.59783189,1,Site,9
768428.793777298,6271840.88554922,1,Site,10
768431.365834862,6271845.17326655,1,Site,11
768433.937892427,6271849.46098388,1,Site,12
768436.509949992,6271853.74870121,1,Site,13
768439.082007556,6271858.03641853,1,Site,14
768441.654065121,6271862.32413586,1,Site,15
768444.226122686,6271866.61185319,1,Site,16
768446.79818025,6271870.89957052,1,Site,17
768449.370237815,6271875.18728785,1,Site,18
768407.541871993,6271801.05485736,2,Site,19
768410.126926874,6271805.3347512,2,Site,20
768412.711981754,6271809.61464504,2,Site,21
768415.297036635,6271813.89453888,2,Site,22
768417.882091515,6271818.17443271,2,Site,23
768420.467146396,6271822.45432655,2,Site,24
768423.052201276,6271826.73422039,2,Site,25
768425.637256157,6271831.01411423,2,Site,26
768428.222311038,6271835.29400807,2,Site,27
768430.807365918,6271839.5739019,2,Site,28
768433.392420799,6271843.85379574,2,Site,29
768435.977475679,6271848.13368958,2,Site,30
768438.56253056,6271852.41358342,2,Site,31
768441.14758544,6271856.69347726,2,Site,32
768443.732640321,6271860.97337109,2,Site,33
768446.317695202,6271865.25326493,2,Site,34
768448.902750082,6271869.53315877,2,Site,35
768451.487804963,6271873.81305261,2,Site,36
768405.645259215,6271802.29609327,2,Site,37
768408.21731678,6271806.5838106,2,Site,38
768410.789374345,6271810.87152793,2,Site,39
768413.36143191,6271815.15924526,2,Site,40
768415.933489474,6271819.44696258,2,Site,41
768418.505547039,6271823.73467991,2,Site,42
768421.077604604,6271828.02239724,2,Site,43
768423.649662168,6271832.31011457,2,Site,44
768426.221719733,6271836.59783189,2,Site,45
768428.793777298,6271840.88554922,2,Site,46
768431.365834862,6271845.17326655,2,Site,47
768433.937892427,6271849.46098388,2,Site,48
768436.509949992,6271853.74870121,2,Site,49
768439.082007556,6271858.03641853,2,Site,50
768441.654065121,6271862.32413586,2,Site,51
768444.226122686,6271866.61185319,2,Site,52
768446.79818025,6271870.89957052,2,Site,53
768449.370237815,6271875.18728785,2,Site,54
768409.823938915,6271799.76873838,3,Site,55
768412.406115183,6271804.05036957,3,Site,56
768414.98829145,6271808.33200077,3,Site,57
768417.570467718,6271812.61363197,3,Site,58
768420.152643985,6271816.89526317,3,Site,59
768422.734820253,6271821.17689437,3,Site,60
768425.31699652,6271825.45852557,3,Site,61
768427.899172788,6271829.74015677,3,Site,62
768430.481349055,6271834.02178797,3,Site,63
768433.063525323,6271838.30341917,3,Site,64
768435.64570159,6271842.58505036,3,Site,65
768438.227877858,6271846.86668156,3,Site,66
768440.810054125,6271851.14831276,3,Site,67
768443.392230393,6271855.42994396,3,Site,68
768445.97440666,6271859.71157516,3,Site,69
768448.556582928,6271863.99320636,3,Site,70
768451.138759195,6271868.27483756,3,Site,71
768453.720935463,6271872.55646876,3,Site,72
768407.541871993,6271801.05485736,3,Site,73
768410.126926874,6271805.3347512,3,Site,74
768412.711981754,6271809.61464504,3,Site,75
768415.297036635,6271813.89453888,3,Site,76
768417.882091515,6271818.17443271,3,Site,77
768420.467146396,6271822.45432655,3,Site,78
768423.052201276,6271826.73422039,3,Site,79
768425.637256157,6271831.01411423,3,Site,80
768428.222311038,6271835.29400807,3,Site,81
768430.807365918,6271839.5739019,3,Site,82
768433.392420799,6271843.85379574,3,Site,83
768435.977475679,6271848.13368958,3,Site,84
768438.56253056,6271852.41358342,3,Site,85
768441.14758544,6271856.69347726,3,Site,86
768443.732640321,6271860.97337109,3,Site,87
768446.317695202,6271865.25326493,3,Site,88
768448.902750082,6271869.53315877,3,Site,89
768451.487804963,6271873.81305261,3,Site,90
768412.044425498,6271798.70727975,4,Site,91
768414.634143367,6271802.98435368,4,Site,92
768417.223861235,6271807.2614276,4,Site,93
768419.813579104,6271811.53850153,4,Site,94
768422.403296972,6271815.81557546,4,Site,95
768424.993014841,6271820.09264938,4,Site,96
768427.582732709,6271824.36972331,4,Site,97
768430.172450578,6271828.64679723,4,Site,98
768432.762168446,6271832.92387116,4,Site,99
768435.351886315,6271837.20094508,4,Site,100
768437.941604183,6271841.47801901,4,Site,101
768440.531322051,6271845.75509293,4,Site,102
768443.12103992,6271850.03216686,4,Site,103
768445.710757788,6271854.30924078,4,Site,104
768448.300475657,6271858.58631471,4,Site,105
768450.890193525,6271862.86338863,4,Site,106
768453.479911394,6271867.14046256,4,Site,107
768456.069629262,6271871.41753648,4,Site,108
768409.823938915,6271799.76873838,4,Site,109
768412.406115183,6271804.05036957,4,Site,110
768414.98829145,6271808.33200077,4,Site,111
768417.570467718,6271812.61363197,4,Site,112
768420.152643985,6271816.89526317,4,Site,113
768422.734820253,6271821.17689437,4,Site,114
768425.31699652,6271825.45852557,4,Site,115
768427.899172788,6271829.74015677,4,Site,116
768430.481349055,6271834.02178797,4,Site,117
768433.063525323,6271838.30341917,4,Site,118
768435.64570159,6271842.58505036,4,Site,119
768438.227877858,6271846.86668156,4,Site,120
768440.810054125,6271851.14831276,4,Site,121
768443.392230393,6271855.42994396,4,Site,122
768445.97440666,6271859.71157516,4,Site,123
768448.556582928,6271863.99320636,4,Site,124
768451.138759195,6271868.27483756,4,Site,125
768453.720935463,6271872.55646876,4,Site,126
768414.266750415,6271797.08245049,5,Site,127
768416.843508432,6271801.36734467,5,Site,128
768419.42026645,6271805.65223884,5,Site,129
768421.997024468,6271809.93713302,5,Site,130
768424.573782486,6271814.2220272,5,Site,131
768427.150540503,6271818.50692138,5,Site,132
768429.727298521,6271822.79181556,5,Site,133
768432.304056539,6271827.07670973,5,Site,134
768434.880814556,6271831.36160391,5,Site,135
768437.457572574,6271835.64649809,5,Site,136
768440.034330592,6271839.93139227,5,Site,137
768442.61108861,6271844.21628645,5,Site,138
768445.187846627,6271848.50118062,5,Site,139
768447.764604645,6271852.7860748,5,Site,140
768450.341362663,6271857.07096898,5,Site,141
768452.918120681,6271861.35586316,5,Site,142
768455.494878698,6271865.64075734,5,Site,143
768458.071636716,6271869.92565152,5,Site,144
768412.044425498,6271798.70727975,5,Site,145
768414.634143367,6271802.98435368,5,Site,146
768417.223861235,6271807.2614276,5,Site,147
768419.813579104,6271811.53850153,5,Site,148
768422.403296972,6271815.81557546,5,Site,149
768424.993014841,6271820.09264938,5,Site,150
768427.582732709,6271824.36972331,5,Site,151
768430.172450578,6271828.64679723,5,Site,152
768432.762168446,6271832.92387116,5,Site,153
768435.351886315,6271837.20094508,5,Site,154
768437.941604183,6271841.47801901,5,Site,155
768440.531322051,6271845.75509293,5,Site,156
768443.12103992,6271850.03216686,5,Site,157
768445.710757788,6271854.30924078,5,Site,158
768448.300475657,6271858.58631471,5,Site,159
768450.890193525,6271862.86338863,5,Site,160
768453.479911394,6271867.14046256,5,Site,161
768456.069629262,6271871.41753648,5,Site,162
768416.5295809,6271795.92366618,6,Site,163
768419.104518588,6271800.20965451,6,Site,164
768421.679456277,6271804.49564283,6,Site,165
768424.254393966,6271808.78163115,6,Site,166
768426.829331655,6271813.06761947,6,Site,167
768429.404269344,6271817.35360779,6,Site,168
768431.979207033,6271821.63959612,6,Site,169
768434.554144722,6271825.92558444,6,Site,170
768437.129082411,6271830.21157276,6,Site,171
768439.7040201,6271834.49756108,6,Site,172
768442.278957789,6271838.78354941,6,Site,173
768444.853895478,6271843.06953773,6,Site,174
768447.428833167,6271847.35552605,6,Site,175
768450.003770856,6271851.64151437,6,Site,176
768452.578708545,6271855.92750269,6,Site,177
768455.153646234,6271860.21349102,6,Site,178
768457.728583923,6271864.49947934,6,Site,179
768460.303521612,6271868.78546766,6,Site,180
768414.266750415,6271797.08245049,6,Site,181
768416.843508432,6271801.36734467,6,Site,182
768419.42026645,6271805.65223884,6,Site,183
768421.997024468,6271809.93713302,6,Site,184
768424.573782486,6271814.2220272,6,Site,185
768427.150540503,6271818.50692138,6,Site,186
768429.727298521,6271822.79181556,6,Site,187
768432.304056539,6271827.07670973,6,Site,188
768434.880814556,6271831.36160391,6,Site,189
768437.457572574,6271835.64649809,6,Site,190
768440.034330592,6271839.93139227,6,Site,191
768442.61108861,6271844.21628645,6,Site,192
768445.187846627,6271848.50118062,6,Site,193
768447.764604645,6271852.7860748,6,Site,194
768450.341362663,6271857.07096898,6,Site,195
768452.918120681,6271861.35586316,6,Site,196
768455.494878698,6271865.64075734,6,Site,197
768458.071636716,6271869.92565152,6,Site,198
768418.888248388,6271794.93876787,7,Site,199
768421.455581463,6271799.22931573,7,Site,200
768424.022914539,6271803.51986358,7,Site,201
768426.590247615,6271807.81041143,7,Site,202
768429.157580691,6271812.10095929,7,Site,203
768431.724913767,6271816.39150714,7,Site,204
768434.292246843,6271820.68205499,7,Site,205
768436.859579918,6271824.97260284,7,Site,206
768439.426912994,6271829.2631507,7,Site,207
768441.99424607,6271833.55369855,7,Site,208
768444.561579146,6271837.8442464,7,Site,209
768447.128912222,6271842.13479425,7,Site,210
768449.696245298,6271846.42534211,7,Site,211
768452.263578374,6271850.71588996,7,Site,212
768454.830911449,6271855.00643781,7,Site,213
768457.398244525,6271859.29698567,7,Site,214
768459.965577601,6271863.58753352,7,Site,215
768462.532910677,6271867.87808137,7,Site,216
768416.5295809,6271795.92366618,7,Site,217
768419.104518588,6271800.20965451,7,Site,218
768421.679456277,6271804.49564283,7,Site,219
768424.254393966,6271808.78163115,7,Site,220
768426.829331655,6271813.06761947,7,Site,221
768429.404269344,6271817.35360779,7,Site,222
768431.979207033,6271821.63959612,7,Site,223
768434.554144722,6271825.92558444,7,Site,224
768437.129082411,6271830.21157276,7,Site,225
768439.7040201,6271834.49756108,7,Site,226
768442.278957789,6271838.78354941,7,Site,227
768444.853895478,6271843.06953773,7,Site,228
768447.428833167,6271847.35552605,7,Site,229
768450.003770856,6271851.64151437,7,Site,230
768452.578708545,6271855.92750269,7,Site,231
768455.153646234,6271860.21349102,7,Site,232
768457.728583923,6271864.49947934,7,Site,233
768460.303521612,6271868.78546766,7,Site,234
768420.781413728,6271793.55651706,8,Site,235
768423.348204785,6271797.8473892,8,Site,236
768425.914995843,6271802.13826133,8,Site,237
768428.481786901,6271806.42913347,8,Site,238
768431.048577958,6271810.7200056,8,Site,239
768433.615369016,6271815.01087773,8,Site,240
768436.182160074,6271819.30174987,8,Site,241
768438.748951132,6271823.592622,8,Site,242
768441.315742189,6271827.88349413,8,Site,243
768443.882533247,6271832.17436627,8,Site,244
768446.449324305,6271836.4652384,8,Site,245
768449.016115363,6271840.75611053,8,Site,246
768451.58290642,6271845.04698267,8,Site,247
768454.149697478,6271849.3378548,8,Site,248
768456.716488536,6271853.62872693,8,Site,249
768459.283279593,6271857.91959907,8,Site,250
768461.850070651,6271862.2104712,8,Site,251
768464.416861709,6271866.50134333,8,Site,252
768418.888248388,6271794.93876787,8,Site,253
768421.455581463,6271799.22931573,8,Site,254
768424.022914539,6271803.51986358,8,Site,255
768426.590247615,6271807.81041143,8,Site,256
768429.157580691,6271812.10095929,8,Site,257
768431.724913767,6271816.39150714,8,Site,258
768434.292246843,6271820.68205499,8,Site,259
768436.859579918,6271824.97260284,8,Site,260
768439.426912994,6271829.2631507,8,Site,261
768441.99424607,6271833.55369855,8,Site,262
768444.561579146,6271837.8442464,8,Site,263
768447.128912222,6271842.13479425,8,Site,264
768449.696245298,6271846.42534211,8,Site,265
768452.263578374,6271850.71588996,8,Site,266
768454.830911449,6271855.00643781,8,Site,267
768457.398244525,6271859.29698567,8,Site,268
768459.965577601,6271863.58753352,8,Site,269
768462.532910677,6271867.87808137,8,Site,270
768422.922014121,6271792.1955343,9,Site,271
768425.501266517,6271796.47892747,9,Site,272
768428.080518913,6271800.76232064,9,Site,273
768430.65977131,6271805.04571382,9,Site,274
768433.239023706,6271809.32910699,9,Site,275
768435.818276102,6271813.61250016,9,Site,276
768438.397528498,6271817.89589334,9,Site,277
768440.976780895,6271822.17928651,9,Site,278
768443.556033291,6271826.46267968,9,Site,279
768446.135285687,6271830.74607285,9,Site,280
768448.714538083,6271835.02946603,9,Site,281
768451.293790479,6271839.3128592,9,Site,282
768453.873042876,6271843.59625237,9,Site,283
768456.452295272,6271847.87964555,9,Site,284
768459.031547668,6271852.16303872,9,Site,285
768461.610800064,6271856.44643189,9,Site,286
768464.190052461,6271860.72982507,9,Site,287
768466.769304857,6271865.01321824,9,Site,288
768420.781413728,6271793.55651706,9,Site,289
768423.348204785,6271797.8473892,9,Site,290
768425.914995843,6271802.13826133,9,Site,291
768428.481786901,6271806.42913347,9,Site,292
768431.048577958,6271810.7200056,9,Site,293
768433.615369016,6271815.01087773,9,Site,294
768436.182160074,6271819.30174987,9,Site,295
768438.748951132,6271823.592622,9,Site,296
768441.315742189,6271827.88349413,9,Site,297
768443.882533247,6271832.17436627,9,Site,298
768446.449324305,6271836.4652384,9,Site,299
768449.016115363,6271840.75611053,9,Site,300
768451.58290642,6271845.04698267,9,Site,301
768454.149697478,6271849.3378548,9,Site,302
768456.716488536,6271853.62872693,9,Site,303
768459.283279593,6271857.91959907,9,Site,304
768461.850070651,6271862.2104712,9,Site,305
768464.416861709,6271866.50134333,9,Site,306
768424.997324704,6271790.93521516,10,Site,307
768427.565173886,6271795.22545415,10,Site,308
768430.133023068,6271799.51569313,10,Site,309
768432.70087225,6271803.80593212,10,Site,310
768435.268721432,6271808.09617111,10,Site,311
768437.836570614,6271812.3864101,10,Site,312
768440.404419796,6271816.67664909,10,Site,313
768442.972268978,6271820.96688808,10,Site,314
768445.54011816,6271825.25712707,10,Site,315
768448.107967342,6271829.54736605,10,Site,316
768450.675816524,6271833.83760504,10,Site,317
768453.243665706,6271838.12784403,10,Site,318
768455.811514888,6271842.41808302,10,Site,319
768458.37936407,6271846.70832201,10,Site,320
768460.947213252,6271850.998561,10,Site,321
768463.515062434,6271855.28879998,10,Site,322
768466.082911615,6271859.57903897,10,Site,323
768468.650760797,6271863.86927796,10,Site,324
768422.922014121,6271792.1955343,10,Site,325
768425.501266517,6271796.47892747,10,Site,326
768428.080518913,6271800.76232064,10,Site,327
768430.65977131,6271805.04571382,10,Site,328
768433.239023706,6271809.32910699,10,Site,329
768435.818276102,6271813.61250016,10,Site,330
768438.397528498,6271817.89589334,10,Site,331
768440.976780895,6271822.17928651,10,Site,332
768443.556033291,6271826.46267968,10,Site,333
768446.135285687,6271830.74607285,10,Site,334
768448.714538083,6271835.02946603,10,Site,335
768451.293790479,6271839.3128592,10,Site,336
768453.873042876,6271843.59625237,10,Site,337
768456.452295272,6271847.87964555,10,Site,338
768459.031547668,6271852.16303872,10,Site,339
768461.610800064,6271856.44643189,10,Site,340
768464.190052461,6271860.72982507,10,Site,341
768466.769304857,6271865.01321824,10,Site,342
768427.442227533,6271790.04117974,11,Site,343
768430.01114205,6271794.33078092,11,Site,344
768432.580056567,6271798.62038209,11,Site,345
768435.148971084,6271802.90998326,11,Site,346
768437.717885601,6271807.19958443,11,Site,347
768440.286800118,6271811.4891856,11,Site,348
768442.855714635,6271815.77878677,11,Site,349
768445.424629152,6271820.06838794,11,Site,350
768447.993543669,6271824.35798911,11,Site,351
768450.562458186,6271828.64759028,11,Site,352
768453.131372703,6271832.93719145,11,Site,353
768455.70028722,6271837.22679262,11,Site,354
768458.269201737,6271841.51639379,11,Site,355
768460.838116254,6271845.80599497,11,Site,356
768463.407030771,6271850.09559614,11,Site,357
768465.975945288,6271854.38519731,11,Site,358
768468.544859805,6271858.67479848,11,Site,359
768471.113774322,6271862.96439965,11,Site,360
768424.997324704,6271790.93521516,11,Site,361
768427.565173886,6271795.22545415,11,Site,362
768430.133023068,6271799.51569313,11,Site,363
768432.70087225,6271803.80593212,11,Site,364
768435.268721432,6271808.09617111,11,Site,365
768437.836570614,6271812.3864101,11,Site,366
768440.404419796,6271816.67664909,11,Site,367
768442.972268978,6271820.96688808,11,Site,368
768445.54011816,6271825.25712707,11,Site,369
768448.107967342,6271829.54736605,11,Site,370
768450.675816524,6271833.83760504,11,Site,371
768453.243665706,6271838.12784403,11,Site,372
768455.811514888,6271842.41808302,11,Site,373
768458.37936407,6271846.70832201,11,Site,374
768460.947213252,6271850.998561,11,Site,375
768463.515062434,6271855.28879998,11,Site,376
768466.082911615,6271859.57903897,11,Site,377
768468.650760797,6271863.86927796,11,Site,378
768429.324024717,6271788.43443338,12,Site,379
768431.893213009,6271792.72387058,12,Site,380
768434.462401301,6271797.01330778,12,Site,381
768437.031589593,6271801.30274499,12,Site,382
768439.600777886,6271805.59218219,12,Site,383
768442.169966178,6271809.88161939,12,Site,384
768444.73915447,6271814.17105659,12,Site,385
768447.308342763,6271818.4604938,12,Site,386
768449.877531055,6271822.749931,12,Site,387
768452.446719347,6271827.0393682,12,Site,388
768455.015907639,6271831.32880541,12,Site,389
768457.585095932,6271835.61824261,12,Site,390
768460.154284224,6271839.90767981,12,Site,391
768462.723472516,6271844.19711702,12,Site,392
768465.292660808,6271848.48655422,12,Site,393
768467.861849101,6271852.77599142,12,Site,394
768470.431037393,6271857.06542863,12,Site,395
768473.000225685,6271861.35486583,12,Site,396
768427.442227533,6271790.04117974,12,Site,397
768430.01114205,6271794.33078092,12,Site,398
768432.580056567,6271798.62038209,12,Site,399
768435.148971084,6271802.90998326,12,Site,400
768437.717885601,6271807.19958443,12,Site,401
768440.286800118,6271811.4891856,12,Site,402
768442.855714635,6271815.77878677,12,Site,403
768445.424629152,6271820.06838794,12,Site,404
768447.993543669,6271824.35798911,12,Site,405
768450.562458186,6271828.64759028,12,Site,406
768453.131372703,6271832.93719145,12,Site,407
768455.70028722,6271837.22679262,12,Site,408
768458.269201737,6271841.51639379,12,Site,409
768460.838116254,6271845.80599497,12,Site,410
768463.407030771,6271850.09559614,12,Site,411
768465.975945288,6271854.38519731,12,Site,412
768468.544859805,6271858.67479848,12,Site,413
768471.113774322,6271862.96439965,12,Site,414
768431.635234416,6271787.29154,13,Site,415
768434.192812211,6271791.58791007,13,Site,416
768436.750390005,6271795.88428015,13,Site,417
768439.307967799,6271800.18065022,13,Site,418
768441.865545594,6271804.4770203,13,Site,419
768444.423123388,6271808.77339037,13,Site,420
768446.980701182,6271813.06976045,13,Site,421
768449.538278977,6271817.36613052,13,Site,422
768452.095856771,6271821.6625006,13,Site,423
768454.653434565,6271825.95887067,13,Site,424
768457.211012359,6271830.25524075,13,Site,425
768459.768590154,6271834.55161083,13,Site,426
768462.326167948,6271838.8479809,13,Site,427
768464.883745742,6271843.14435098,13,Site,428
768467.441323537,6271847.44072105,13,Site,429
768469.998901331,6271851.73709113,13,Site,430
768472.556479125,6271856.0334612,13,Site,431
768475.11405692,6271860.32983128,13,Site,432
768429.324024717,6271788.43443338,13,Site,433
768431.893213009,6271792.72387058,13,Site,434
768434.462401301,6271797.01330778,13,Site,435
768437.031589593,6271801.30274499,13,Site,436
768439.600777886,6271805.59218219,13,Site,437
768442.169966178,6271809.88161939,13,Site,438
768444.73915447,6271814.17105659,13,Site,439
768447.308342763,6271818.4604938,13,Site,440
768449.877531055,6271822.749931,13,Site,441
768452.446719347,6271827.0393682,13,Site,442
768455.015907639,6271831.32880541,13,Site,443
768457.585095932,6271835.61824261,13,Site,444
768460.154284224,6271839.90767981,13,Site,445
768462.723472516,6271844.19711702,13,Site,446
768465.292660808,6271848.48655422,13,Site,447
768467.861849101,6271852.77599142,13,Site,448
768470.431037393,6271857.06542863,13,Site,449
768473.000225685,6271861.35486583,13,Site,450
768433.692505597,6271786.0515007,14,Site,451
768436.274317956,6271790.33335135,14,Site,452
768438.856130316,6271794.61520199,14,Site,453
768441.437942675,6271798.89705264,14,Site,454
768444.019755034,6271803.17890328,14,Site,455
768446.601567393,6271807.46075393,14,Site,456
768449.183379752,6271811.74260457,14,Site,457
768451.765192112,6271816.02445521,14,Site,458
768454.347004471,6271820.30630586,14,Site,459
768456.92881683,6271824.5881565,14,Site,460
768459.510629189,6271828.87000715,14,Site,461
768462.092441548,6271833.15185779,14,Site,462
768464.674253908,6271837.43370844,14,Site,463
768467.256066267,6271841.71555908,14,Site,464
768469.837878626,6271845.99740973,14,Site,465
768472.419690985,6271850.27926037,14,Site,466
768475.001503344,6271854.56111102,14,Site,467
768477.583315703,6271858.84296166,14,Site,468
768431.635234416,6271787.29154,14,Site,469
768434.192812211,6271791.58791007,14,Site,470
768436.750390005,6271795.88428015,14,Site,471
768439.307967799,6271800.18065022,14,Site,472
768441.865545594,6271804.4770203,14,Site,473
768444.423123388,6271808.77339037,14,Site,474
768446.980701182,6271813.06976045,14,Site,475
768449.538278977,6271817.36613052,14,Site,476
768452.095856771,6271821.6625006,14,Site,477
768454.653434565,6271825.95887067,14,Site,478
768457.211012359,6271830.25524075,14,Site,479
768459.768590154,6271834.55161083,14,Site,480
768462.326167948,6271838.8479809,14,Site,481
768464.883745742,6271843.14435098,14,Site,482
768467.441323537,6271847.44072105,14,Site,483
768469.998901331,6271851.73709113,14,Site,484
768472.556479125,6271856.0334612,14,Site,485
768475.11405692,6271860.32983128,14,Site,486
768435.70186187,6271784.52801583,15,Site,487
768438.269426572,6271788.81842508,15,Site,488
768440.836991274,6271793.10883432,15,Site,489
768443.404555976,6271797.39924357,15,Site,490
768445.972120678,6271801.68965282,15,Site,491
768448.53968538,6271805.98006206,15,Site,492
768451.107250083,6271810.27047131,15,Site,493
768453.674814785,6271814.56088055,15,Site,494
768456.242379487,6271818.8512898,15,Site,495
768458.809944189,6271823.14169905,15,Site,496
768461.377508891,6271827.43210829,15,Site,497
768463.945073594,6271831.72251754,15,Site,498
768466.512638296,6271836.01292679,15,Site,499
768469.080202998,6271840.30333603,15,Site,500
768471.6477677,6271844.59374528,15,Site,501
768474.215332402,6271848.88415452,15,Site,502
768476.782897105,6271853.17456377,15,Site,503
768479.350461807,6271857.46497302,15,Site,504
768433.692505597,6271786.0515007,15,Site,505
768436.274317956,6271790.33335135,15,Site,506
768438.856130316,6271794.61520199,15,Site,507
768441.437942675,6271798.89705264,15,Site,508
768444.019755034,6271803.17890328,15,Site,509
768446.601567393,6271807.46075393,15,Site,510
768449.183379752,6271811.74260457,15,Site,511
768451.765192112,6271816.02445521,15,Site,512
768454.347004471,6271820.30630586,15,Site,513
768456.92881683,6271824.5881565,15,Site,514
768459.510629189,6271828.87000715,15,Site,515
768462.092441548,6271833.15185779,15,Site,516
768464.674253908,6271837.43370844,15,Site,517
768467.256066267,6271841.71555908,15,Site,518
768469.837878626,6271845.99740973,15,Site,519
768472.419690985,6271850.27926037,15,Site,520
768475.001503344,6271854.56111102,15,Site,521
768477.583315703,6271858.84296166,15,Site,522
768438.335868777,6271783.07853379,16,Site,523
768440.872908498,6271787.38706364,16,Site,524
768443.409948218,6271791.69559349,16,Site,525
768445.946987939,6271796.00412334,16,Site,526
768448.48402766,6271800.31265319,16,Site,527
768451.02106738,6271804.62118304,16,Site,528
768453.558107101,6271808.92971288,16,Site,529
768456.095146821,6271813.23824273,16,Site,530
768458.632186542,6271817.54677258,16,Site,531
768461.169226262,6271821.85530243,16,Site,532
768463.706265983,6271826.16383228,16,Site,533
768466.243305703,6271830.47236213,16,Site,534
768468.780345424,6271834.78089198,16,Site,535
768471.317385144,6271839.08942182,16,Site,536
768473.854424865,6271843.39795167,16,Site,537
768476.391464585,6271847.70648152,16,Site,538
768478.928504306,6271852.01501137,16,Site,539
768481.465544026,6271856.32354122,16,Site,540
768435.70186187,6271784.52801583,16,Site,541
768438.269426572,6271788.81842508,16,Site,542
768440.836991274,6271793.10883432,16,Site,543
768443.404555976,6271797.39924357,16,Site,544
768445.972120678,6271801.68965282,16,Site,545
768448.53968538,6271805.98006206,16,Site,546
768451.107250083,6271810.27047131,16,Site,547
768453.674814785,6271814.56088055,16,Site,548
768456.242379487,6271818.8512898,16,Site,549
768458.809944189,6271823.14169905,16,Site,550
768461.377508891,6271827.43210829,16,Site,551
768463.945073594,6271831.72251754,16,Site,552
768466.512638296,6271836.01292679,16,Site,553
768469.080202998,6271840.30333603,16,Site,554
768471.6477677,6271844.59374528,16,Site,555
768474.215332402,6271848.88415452,16,Site,556
768476.782897105,6271853.17456377,16,Site,557
768479.350461807,6271857.46497302,16,Site,558
768440.114883343,6271781.8154624,17,Site,559
768442.685728067,6271786.10390704,17,Site,560
768445.256572791,6271790.39235168,17,Site,561
768447.827417514,6271794.68079631,17,Site,562
768450.398262238,6271798.96924095,17,Site,563
768452.969106962,6271803.25768559,17,Site,564
768455.539951685,6271807.54613023,17,Site,565
768458.110796409,6271811.83457486,17,Site,566
768460.681641132,6271816.1230195,17,Site,567
768463.252485856,6271820.41146414,17,Site,568
768465.82333058,6271824.69990877,17,Site,569
768468.394175303,6271828.98835341,17,Site,570
768470.965020027,6271833.27679805,17,Site,571
768473.535864751,6271837.56524269,17,Site,572
768476.106709474,6271841.85368732,17,Site,573
768478.677554198,6271846.14213196,17,Site,574
768481.248398921,6271850.4305766,17,Site,575
768483.819243645,6271854.71902123,17,Site,576
768438.335868777,6271783.07853379,17,Site,577
768440.872908498,6271787.38706364,17,Site,578
768443.409948218,6271791.69559349,17,Site,579
768445.946987939,6271796.00412334,17,Site,580
768448.48402766,6271800.31265319,17,Site,581
768451.02106738,6271804.62118304,17,Site,582
768453.558107101,6271808.92971288,17,Site,583
768456.095146821,6271813.23824273,17,Site,584
768458.632186542,6271817.54677258,17,Site,585
768461.169226262,6271821.85530243,17,Site,586
768463.706265983,6271826.16383228,17,Site,587
768466.243305703,6271830.47236213,17,Site,588
768468.780345424,6271834.78089198,17,Site,589
768471.317385144,6271839.08942182,17,Site,590
768473.854424865,6271843.39795167,17,Site,591
768476.391464585,6271847.70648152,17,Site,592
768478.928504306,6271852.01501137,17,Site,593
768481.465544026,6271856.32354122,17,Site,594
768444.879779675,6271784.70311861,18,Site,595
768447.423786869,6271789.00753813,18,Site,596
768449.967794062,6271793.31195765,18,Site,597
768452.511801256,6271797.61637717,18,Site,598
768455.055808449,6271801.92079669,18,Site,599
768457.599815643,6271806.22521621,18,Site,600
768460.143822836,6271810.52963573,18,Site,601
768462.687830029,6271814.83405525,18,Site,602
768465.231837223,6271819.13847477,18,Site,603
768467.775844416,6271823.44289429,18,Site,604
768470.31985161,6271827.74731381,18,Site,605
768472.863858803,6271832.05173333,18,Site,606
768475.407865996,6271836.35615285,18,Site,607
768477.95187319,6271840.66057237,18,Site,608
768480.495880383,6271844.96499189,18,Site,609
768483.039887577,6271849.26941141,18,Site,610
768485.58389477,6271853.57383092,18,Site,611
768440.114883343,6271781.8154624,18,Site,612
768442.685728067,6271786.10390704,18,Site,613
768445.256572791,6271790.39235168,18,Site,614
768447.827417514,6271794.68079631,18,Site,615
768450.398262238,6271798.96924095,18,Site,616
768452.969106962,6271803.25768559,18,Site,617
768455.539951685,6271807.54613023,18,Site,618
768458.110796409,6271811.83457486,18,Site,619
768460.681641132,6271816.1230195,18,Site,620
768463.252485856,6271820.41146414,18,Site,621
768465.82333058,6271824.69990877,18,Site,622
768468.394175303,6271828.98835341,18,Site,623
768470.965020027,6271833.27679805,18,Site,624
768473.535864751,6271837.56524269,18,Site,625
768476.106709474,6271841.85368732,18,Site,626
768478.677554198,6271846.14213196,18,Site,627
768481.248398921,6271850.4305766,18,Site,628
768483.819243645,6271854.71902123,18,Site,629
768444.551647246,6271779.63133009,19,Site,630
768447.120572698,6271783.92092471,19,Site,631
768449.689498151,6271788.21051934,19,Site,632
768452.258423603,6271792.50011396,19,Site,633
768454.827349056,6271796.78970858,19,Site,634
768457.396274508,6271801.0793032,19,Site,635
768459.965199961,6271805.36889782,19,Site,636
768462.534125413,6271809.65849244,19,Site,637
768465.103050865,6271813.94808707,19,Site,638
768467.671976318,6271818.23768169,19,Site,639
768470.24090177,6271822.52727631,19,Site,640
768472.809827223,6271826.81687093,19,Site,641
768475.378752675,6271831.10646555,19,Site,642
768477.947678128,6271835.39606018,19,Site,643
768480.51660358,6271839.6856548,19,Site,644
768483.085529033,6271843.97524942,19,Site,645
768485.654454485,6271848.26484404,19,Site,646
768488.223379938,6271852.55443866,19,Site,647
768444.879779675,6271784.70311861,19,Site,648
768447.423786869,6271789.00753813,19,Site,649
768449.967794062,6271793.31195765,19,Site,650
768452.511801256,6271797.61637717,19,Site,651
768455.055808449,6271801.92079669,19,Site,652
768457.599815643,6271806.22521621,19,Site,653
768460.143822836,6271810.52963573,19,Site,654
768462.687830029,6271814.83405525,19,Site,655
768465.231837223,6271819.13847477,19,Site,656
768467.775844416,6271823.44289429,19,Site,657
768470.31985161,6271827.74731381,19,Site,658
768472.863858803,6271832.05173333,19,Site,659
768475.407865996,6271836.35615285,19,Site,660
768477.95187319,6271840.66057237,19,Site,661
768480.495880383,6271844.96499189,19,Site,662
768483.039887577,6271849.26941141,19,Site,663
768485.58389477,6271853.57383092,19,Site,664
768449.156558413,6271782.36433211,20,Site,665
768451.730739805,6271786.6507747,20,Site,666
768454.304921197,6271790.9372173,20,Site,667
768456.879102589,6271795.2236599,20,Site,668
768459.453283982,6271799.5101025,20,Site,669
768462.027465374,6271803.7965451,20,Site,670
768464.601646766,6271808.0829877,20,Site,671
768467.175828158,6271812.3694303,20,Site,672
768469.750009551,6271816.6558729,20,Site,673
768472.324190943,6271820.9423155,20,Site,674
768474.898372335,6271825.2287581,20,Site,675
768477.472553727,6271829.5152007,20,Site,676
768480.04673512,6271833.8016433,20,Site,677
768482.620916512,6271838.0880859,20,Site,678
768485.195097904,6271842.3745285,20,Site,679
768487.769279296,6271846.6609711,20,Site,680
768490.343460689,6271850.9474137,20,Site,681
768444.551647246,6271779.63133009,20,Site,682
768447.120572698,6271783.92092471,20,Site,683
768449.689498151,6271788.21051934,20,Site,684
768452.258423603,6271792.50011396,20,Site,685
768454.827349056,6271796.78970858,20,Site,686
768457.396274508,6271801.0793032,20,Site,687
768459.965199961,6271805.36889782,20,Site,688
768462.534125413,6271809.65849244,20,Site,689
768465.103050865,6271813.94808707,20,Site,690
768467.671976318,6271818.23768169,20,Site,691
768470.24090177,6271822.52727631,20,Site,692
768472.809827223,6271826.81687093,20,Site,693
768475.378752675,6271831.10646555,20,Site,694
768477.947678128,6271835.39606018,20,Site,695
768480.51660358,6271839.6856548,20,Site,696
768483.085529033,6271843.97524942,20,Site,697
768485.654454485,6271848.26484404,20,Site,698
768488.223379938,6271852.55443866,20,Site,699
768451.221632595,6271781.36860951,21,Site,700
768453.798861695,6271785.65322036,21,Site,701
768456.376090795,6271789.93783122,21,Site,702
768458.953319895,6271794.22244207,21,Site,703
768461.530548996,6271798.50705292,21,Site,704
768464.107778096,6271802.79166378,21,Site,705
768466.685007196,6271807.07627463,21,Site,706
768469.262236296,6271811.36088548,21,Site,707
768471.839465396,6271815.64549634,21,Site,708
768474.416694496,6271819.93010719,21,Site,709
768476.993923596,6271824.21471804,21,Site,710
768479.571152696,6271828.4993289,21,Site,711
768482.148381797,6271832.78393975,21,Site,712
768484.725610897,6271837.0685506,21,Site,713
768487.302839997,6271841.35316146,21,Site,714
768489.880069097,6271845.63777231,21,Site,715
768492.457298197,6271849.92238316,21,Site,716
768449.156558413,6271782.36433211,21,Site,717
768451.730739805,6271786.6507747,21,Site,718
768454.304921197,6271790.9372173,21,Site,719
768456.879102589,6271795.2236599,21,Site,720
768459.453283982,6271799.5101025,21,Site,721
768462.027465374,6271803.7965451,21,Site,722
768464.601646766,6271808.0829877,21,Site,723
768467.175828158,6271812.3694303,21,Site,724
768469.750009551,6271816.6558729,21,Site,725
768472.324190943,6271820.9423155,21,Site,726
768474.898372335,6271825.2287581,21,Site,727
768477.472553727,6271829.5152007,21,Site,728
768480.04673512,6271833.8016433,21,Site,729
768482.620916512,6271838.0880859,21,Site,730
768485.195097904,6271842.3745285,21,Site,731
768487.769279296,6271846.6609711,21,Site,732
768490.343460689,6271850.9474137,21,Site,733
768453.626457938,6271779.5911135,22,Site,734
768456.185890623,6271783.88637884,22,Site,735
768458.745323308,6271788.18164418,22,Site,736
768461.304755993,6271792.47690952,22,Site,737
768463.864188678,6271796.77217486,22,Site,738
768466.423621363,6271801.0674402,22,Site,739
768468.983054047,6271805.36270554,22,Site,740
768471.542486732,6271809.65797088,22,Site,741
768474.101919417,6271813.95323622,22,Site,742
768476.661352102,6271818.24850156,22,Site,743
768479.220784787,6271822.54376689,22,Site,744
768481.780217471,6271826.83903223,22,Site,745
768484.339650156,6271831.13429757,22,Site,746
768486.899082841,6271835.42956291,22,Site,747
768489.458515526,6271839.72482825,22,Site,748
768492.017948211,6271844.02009359,22,Site,749
768494.577380895,6271848.31535893,22,Site,750
768451.221632595,6271781.36860951,22,Site,751
768453.798861695,6271785.65322036,22,Site,752
768456.376090795,6271789.93783122,22,Site,753
768458.953319895,6271794.22244207,22,Site,754
768461.530548996,6271798.50705292,22,Site,755
768464.107778096,6271802.79166378,22,Site,756
768466.685007196,6271807.07627463,22,Site,757
768469.262236296,6271811.36088548,22,Site,758
768471.839465396,6271815.64549634,22,Site,759
768474.416694496,6271819.93010719,22,Site,760
768476.993923596,6271824.21471804,22,Site,761
768479.571152696,6271828.4993289,22,Site,762
768482.148381797,6271832.78393975,22,Site,763
768484.725610897,6271837.0685506,22,Site,764
768487.302839997,6271841.35316146,22,Site,765
768489.880069097,6271845.63777231,22,Site,766
768492.457298197,6271849.92238316,22,Site,767
768455.395030081,6271778.23888099,23,Site,768
768457.969053493,6271782.52541846,23,Site,769
768460.543076904,6271786.81195593,23,Site,770
768463.117100316,6271791.0984934,23,Site,771
768465.691123727,6271795.38503087,23,Site,772
768468.265147138,6271799.67156834,23,Site,773
768470.83917055,6271803.9581058,23,Site,774
768473.413193961,6271808.24464327,23,Site,775
768475.987217372,6271812.53118074,23,Site,776
768478.561240784,6271816.81771821,23,Site,777
768481.135264195,6271821.10425568,23,Site,778
768483.709287606,6271825.39079315,23,Site,779
768486.283311018,6271829.67733062,23,Site,780
768488.857334429,6271833.96386809,23,Site,781
768491.43135784,6271838.25040556,23,Site,782
768494.005381252,6271842.53694303,23,Site,783
768496.579404663,6271846.8234805,23,Site,784
768453.626457938,6271779.5911135,23,Site,785
768456.185890623,6271783.88637884,23,Site,786
768458.745323308,6271788.18164418,23,Site,787
768461.304755993,6271792.47690952,23,Site,788
768463.864188678,6271796.77217486,23,Site,789
768466.423621363,6271801.0674402,23,Site,790
768468.983054047,6271805.36270554,23,Site,791
768471.542486732,6271809.65797088,23,Site,792
768474.101919417,6271813.95323622,23,Site,793
768476.661352102,6271818.24850156,23,Site,794
768479.220784787,6271822.54376689,23,Site,795
768481.780217471,6271826.83903223,23,Site,796
768484.339650156,6271831.13429757,23,Site,797
768486.899082841,6271835.42956291,23,Site,798
768489.458515526,6271839.72482825,23,Site,799
768492.017948211,6271844.02009359,23,Site,800
768494.577380895,6271848.31535893,23,Site,801
768457.645248231,6271777.08770977,24,Site,802
768460.218126755,6271781.37493452,24,Site,803
768462.791005279,6271785.66215928,24,Site,804
768465.363883802,6271789.94938403,24,Site,805
768467.936762326,6271794.23660879,24,Site,806
768470.50964085,6271798.52383354,24,Site,807
768473.082519374,6271802.8110583,24,Site,808
768475.655397897,6271807.09828306,24,Site,809
768478.228276421,6271811.38550781,24,Site,810
768480.801154945,6271815.67273257,24,Site,811
768483.374033469,6271819.95995732,24,Site,812
768485.946911993,6271824.24718208,24,Site,813
768488.519790516,6271828.53440683,24,Site,814
768491.09266904,6271832.82163159,24,Site,815
768493.665547564,6271837.10885634,24,Site,816
768496.238426088,6271841.3960811,24,Site,817
768498.811304612,6271845.68330585,24,Site,818
768455.395030081,6271778.23888099,24,Site,819
768457.969053493,6271782.52541846,24,Site,820
768460.543076904,6271786.81195593,24,Site,821
768463.117100316,6271791.0984934,24,Site,822
768465.691123727,6271795.38503087,24,Site,823
768468.265147138,6271799.67156834,24,Site,824
768470.83917055,6271803.9581058,24,Site,825
768473.413193961,6271808.24464327,24,Site,826
768475.987217372,6271812.53118074,24,Site,827
768478.561240784,6271816.81771821,24,Site,828
768481.135264195,6271821.10425568,24,Site,829
768483.709287606,6271825.39079315,24,Site,830
768486.283311018,6271829.67733062,24,Site,831
768488.857334429,6271833.96386809,24,Site,832
768491.43135784,6271838.25040556,24,Site,833
768494.005381252,6271842.53694303,24,Site,834
768496.579404663,6271846.8234805,24,Site,835
768459.945583781,6271775.86219612,25,Site,836
768462.521563888,6271780.14755801,25,Site,837
768465.097543995,6271784.43291989,25,Site,838
768467.673524101,6271788.71828178,25,Site,839
768470.249504208,6271793.00364366,25,Site,840
768472.825484315,6271797.28900555,25,Site,841
768475.401464421,6271801.57436744,25,Site,842
768477.977444528,6271805.85972932,25,Site,843
768480.553424635,6271810.14509121,25,Site,844
768483.129404741,6271814.43045309,25,Site,845
768485.705384848,6271818.71581498,25,Site,846
768488.281364955,6271823.00117686,25,Site,847
768490.857345061,6271827.28653875,25,Site,848
768493.433325168,6271831.57190064,25,Site,849
768496.009305275,6271835.85726252,25,Site,850
768498.585285381,6271840.14262441,25,Site,851
768501.161265488,6271844.42798629,25,Site,852
768457.645248231,6271777.08770977,25,Site,853
768460.218126755,6271781.37493452,25,Site,854
768462.791005279,6271785.66215928,25,Site,855
768465.363883802,6271789.94938403,25,Site,856
768467.936762326,6271794.23660879,25,Site,857
768470.50964085,6271798.52383354,25,Site,858
768473.082519374,6271802.8110583,25,Site,859
768475.655397897,6271807.09828306,25,Site,860
768478.228276421,6271811.38550781,25,Site,861
768480.801154945,6271815.67273257,25,Site,862
768483.374033469,6271819.95995732,25,Site,863
768485.946911993,6271824.24718208,25,Site,864
768488.519790516,6271828.53440683,25,Site,865
768491.09266904,6271832.82163159,25,Site,866
768493.665547564,6271837.10885634,25,Site,867
768496.238426088,6271841.3960811,25,Site,868
768498.811304612,6271845.68330585,25,Site,869
768461.920943014,6271774.70644651,26,Site,870
768464.483676172,6271778.99974347,26,Site,871
768467.046409331,6271783.29304042,26,Site,872
768469.609142489,6271787.58633738,26,Site,873
768472.171875647,6271791.87963434,26,Site,874
768474.734608806,6271796.17293129,26,Site,875
768477.297341964,6271800.46622825,26,Site,876
768479.860075122,6271804.75952521,26,Site,877
768482.42280828,6271809.05282216,26,Site,878
768484.985541438,6271813.34611912,26,Site,879
768487.548274597,6271817.63941608,26,Site,880
768490.111007755,6271821.93271303,26,Site,881
768492.673740913,6271826.22600999,26,Site,882
768495.236474072,6271830.51930695,26,Site,883
768497.79920723,6271834.8126039,26,Site,884
768500.361940388,6271839.10590086,26,Site,885
768502.924673546,6271843.39919782,26,Site,886
768459.945583781,6271775.86219612,26,Site,887
768462.521563888,6271780.14755801,26,Site,888
768465.097543995,6271784.43291989,26,Site,889
768467.673524101,6271788.71828178,26,Site,890
768470.249504208,6271793.00364366,26,Site,891
768472.825484315,6271797.28900555,26,Site,892
768475.401464421,6271801.57436744,26,Site,893
768477.977444528,6271805.85972932,26,Site,894
768480.553424635,6271810.14509121,26,Site,895
768483.129404741,6271814.43045309,26,Site,896
768485.705384848,6271818.71581498,26,Site,897
768488.281364955,6271823.00117686,26,Site,898
768490.857345061,6271827.28653875,26,Site,899
768493.433325168,6271831.57190064,26,Site,900
768496.009305275,6271835.85726252,26,Site,901
768498.585285381,6271840.14262441,26,Site,902
768501.161265488,6271844.42798629,26,Site,903
768464.202068245,6271773.6079165,27,Site,904
768466.769025667,6271777.89868911,27,Site,905
768469.335983088,6271782.18946172,27,Site,906
768471.902940509,6271786.48023433,27,Site,907
768474.469897931,6271790.77100694,27,Site,908
768477.036855352,6271795.06177955,27,Site,909
768479.603812773,6271799.35255216,27,Site,910
768482.170770195,6271803.64332477,27,Site,911
768484.737727616,6271807.93409739,27,Site,912
768487.304685038,6271812.22487,27,Site,913
768489.871642459,6271816.51564261,27,Site,914
768492.43859988,6271820.80641522,27,Site,915
768495.005557302,6271825.09718783,27,Site,916
768497.572514723,6271829.38796044,27,Site,917
768500.139472145,6271833.67873305,27,Site,918
768502.706429566,6271837.96950566,27,Site,919
768505.273386987,6271842.26027827,27,Site,920
768461.920943014,6271774.70644651,27,Site,921
768464.483676172,6271778.99974347,27,Site,922
768467.046409331,6271783.29304042,27,Site,923
768469.609142489,6271787.58633738,27,Site,924
768472.171875647,6271791.87963434,27,Site,925
768474.734608806,6271796.17293129,27,Site,926
768477.297341964,6271800.46622825,27,Site,927
768479.860075122,6271804.75952521,27,Site,928
768482.42280828,6271809.05282216,27,Site,929
768484.985541438,6271813.34611912,27,Site,930
768487.548274597,6271817.63941608,27,Site,931
768490.111007755,6271821.93271303,27,Site,932
768492.673740913,6271826.22600999,27,Site,933
768495.236474072,6271830.51930695,27,Site,934
768497.79920723,6271834.8126039,27,Site,935
768500.361940388,6271839.10590086,27,Site,936
768502.924673546,6271843.39919782,27,Site,937
768466.567892055,6271772.15649315,28,Site,938
768469.126635575,6271776.45216907,28,Site,939
768471.685379095,6271780.74784499,28,Site,940
768474.244122616,6271785.04352091,28,Site,941
768476.802866136,6271789.33919683,28,Site,942
768479.361609657,6271793.63487275,28,Site,943
768481.920353177,6271797.93054867,28,Site,944
768484.479096698,6271802.22622458,28,Site,945
768487.037840218,6271806.5219005,28,Site,946
768489.596583738,6271810.81757642,28,Site,947
768492.155327259,6271815.11325234,28,Site,948
768494.714070779,6271819.40892826,28,Site,949
768497.2728143,6271823.70460418,28,Site,950
768499.83155782,6271828.00028009,28,Site,951
768502.39030134,6271832.29595601,28,Site,952
768504.949044861,6271836.59163193,28,Site,953
768507.507788381,6271840.88730785,28,Site,954
768464.202068245,6271773.6079165,28,Site,955
768466.769025667,6271777.89868911,28,Site,956
768469.335983088,6271782.18946172,28,Site,957
768471.902940509,6271786.48023433,28,Site,958
768474.469897931,6271790.77100694,28,Site,959
768477.036855352,6271795.06177955,28,Site,960
768479.603812773,6271799.35255216,28,Site,961
768482.170770195,6271803.64332477,28,Site,962
768484.737727616,6271807.93409739,28,Site,963
768487.304685038,6271812.22487,28,Site,964
768489.871642459,6271816.51564261,28,Site,965
768492.43859988,6271820.80641522,28,Site,966
768495.005557302,6271825.09718783,28,Site,967
768497.572514723,6271829.38796044,28,Site,968
768500.139472145,6271833.67873305,28,Site,969
768502.706429566,6271837.96950566,28,Site,970
768505.273386987,6271842.26027827,28,Site,971
768468.723766234,6271771.39155092,29,Site,972
768471.309085642,6271775.67128497,29,Site,973
768473.894405051,6271779.95101902,29,Site,974
768476.47972446,6271784.23075307,29,Site,975
768479.065043869,6271788.51048712,29,Site,976
768481.650363278,6271792.79022118,29,Site,977
768484.235682687,6271797.06995523,29,Site,978
768486.821002096,6271801.34968928,29,Site,979
768489.406321505,6271805.62942333,29,Site,980
768491.991640913,6271809.90915738,29,Site,981
768494.576960322,6271814.18889143,29,Site,982
768497.162279731,6271818.46862549,29,Site,983
768499.74759914,6271822.74835954,29,Site,984
768502.332918549,6271827.02809359,29,Site,985
768504.918237958,6271831.30782764,29,Site,986
768507.503557366,6271835.58756169,29,Site,987
768510.088876775,6271839.86729574,29,Site,988
768466.567892055,6271772.15649315,29,Site,989
768469.126635575,6271776.45216907,29,Site,990
768471.685379095,6271780.74784499,29,Site,991
768474.244122616,6271785.04352091,29,Site,992
768476.802866136,6271789.33919683,29,Site,993
768479.361609657,6271793.63487275,29,Site,994
768481.920353177,6271797.93054867,29,Site,995
768484.479096698,6271802.22622458,29,Site,996
768487.037840218,6271806.5219005,29,Site,997
768489.596583738,6271810.81757642,29,Site,998
768492.155327259,6271815.11325234,29,Site,999
768494.714070779,6271819.40892826,29,Site,1000
768497.2728143,6271823.70460418,29,Site,1001
768499.83155782,6271828.00028009,29,Site,1002
768502.39030134,6271832.29595601,29,Site,1003
768504.949044861,6271836.59163193,29,Site,1004
768507.507788381,6271840.88730785,29,Site,1005
768470.376054183,6271769.36122762,30,Site,1006
768472.954341973,6271773.64520149,30,Site,1007
768475.532629764,6271777.92917535,30,Site,1008
768478.110917554,6271782.21314922,30,Site,1009
768480.689205345,6271786.49712308,30,Site,1010
768483.267493135,6271790.78109694,30,Site,1011
768485.845780926,6271795.06507081,30,Site,1012
768488.424068716,6271799.34904467,30,Site,1013
768491.002356507,6271803.63301854,30,Site,1014
768493.580644297,6271807.9169924,30,Site,1015
768496.158932088,6271812.20096627,30,Site,1016
768498.737219878,6271816.48494013,30,Site,1017
768501.315507669,6271820.76891399,30,Site,1018
768503.893795459,6271825.05288786,30,Site,1019
768506.47208325,6271829.33686172,30,Site,1020
768509.05037104,6271833.62083559,30,Site,1021
768511.628658831,6271837.90480945,30,Site,1022
768468.723766234,6271771.39155092,30,Site,1023
768471.309085642,6271775.67128497,30,Site,1024
768473.894405051,6271779.95101902,30,Site,1025
768476.47972446,6271784.23075307,30,Site,1026
768479.065043869,6271788.51048712,30,Site,1027
768481.650363278,6271792.79022118,30,Site,1028
768484.235682687,6271797.06995523,30,Site,1029
768486.821002096,6271801.34968928,30,Site,1030
768489.406321505,6271805.62942333,30,Site,1031
768491.991640913,6271809.90915738,30,Site,1032
768494.576960322,6271814.18889143,30,Site,1033
768497.162279731,6271818.46862549,30,Site,1034
768499.74759914,6271822.74835954,30,Site,1035
768502.332918549,6271827.02809359,30,Site,1036
768504.918237958,6271831.30782764,30,Site,1037
768507.503557366,6271835.58756169,30,Site,1038
768510.088876775,6271839.86729574,30,Site,1039
768472.796828786,6271768.38372138,31,Site,1040
768475.355777338,6271772.67927516,31,Site,1041
768477.914725891,6271776.97482895,31,Site,1042
768480.473674443,6271781.27038273,31,Site,1043
768483.032622996,6271785.56593651,31,Site,1044
768485.591571548,6271789.8614903,31,Site,1045
768488.150520101,6271794.15704408,31,Site,1046
768490.709468654,6271798.45259786,31,Site,1047
768493.268417206,6271802.74815165,31,Site,1048
768495.827365759,6271807.04370543,31,Site,1049
768498.386314311,6271811.33925921,31,Site,1050
768500.945262864,6271815.634813,31,Site,1051
768503.504211416,6271819.93036678,31,Site,1052
768506.063159969,6271824.22592056,31,Site,1053
768508.622108521,6271828.52147435,31,Site,1054
768511.181057074,6271832.81702813,31,Site,1055
768513.740005626,6271837.11258191,31,Site,1056
768470.376054183,6271769.36122762,31,Site,1057
768472.954341973,6271773.64520149,31,Site,1058
768475.532629764,6271777.92917535,31,Site,1059
768478.110917554,6271782.21314922,31,Site,1060
768480.689205345,6271786.49712308,31,Site,1061
768483.267493135,6271790.78109694,31,Site,1062
768485.845780926,6271795.06507081,31,Site,1063
768488.424068716,6271799.34904467,31,Site,1064
768491.002356507,6271803.63301854,31,Site,1065
768493.580644297,6271807.9169924,31,Site,1066
768496.158932088,6271812.20096627,31,Site,1067
768498.737219878,6271816.48494013,31,Site,1068
768501.315507669,6271820.76891399,31,Site,1069
768503.893795459,6271825.05288786,31,Site,1070
768506.47208325,6271829.33686172,31,Site,1071
768509.05037104,6271833.62083559,31,Site,1072
768511.628658831,6271837.90480945,31,Site,1073
768475.122881991,6271767.37396572,32,Site,1074
768477.683168994,6271771.66872188,32,Site,1075
768480.243455998,6271775.96347804,32,Site,1076
768482.803743001,6271780.2582342,32,Site,1077
768485.364030005,6271784.55299036,32,Site,1078
768487.924317008,6271788.84774652,32,Site,1079
768490.484604012,6271793.14250267,32,Site,1080
768493.044891015,6271797.43725883,32,Site,1081
768495.605178019,6271801.73201499,32,Site,1082
768498.165465022,6271806.02677115,32,Site,1083
768500.725752026,6271810.32152731,32,Site,1084
768503.286039029,6271814.61628347,32,Site,1085
768505.846326033,6271818.91103962,32,Site,1086
768508.406613036,6271823.20579578,32,Site,1087
768510.96690004,6271827.50055194,32,Site,1088
768513.527187043,6271831.7953081,32,Site,1089
768516.087474047,6271836.09006426,32,Site,1090
768472.796828786,6271768.38372138,32,Site,1091
768475.355777338,6271772.67927516,32,Site,1092
768477.914725891,6271776.97482895,32,Site,1093
768480.473674443,6271781.27038273,32,Site,1094
768483.032622996,6271785.56593651,32,Site,1095
768485.591571548,6271789.8614903,32,Site,1096
768488.150520101,6271794.15704408,32,Site,1097
768490.709468654,6271798.45259786,32,Site,1098
768493.268417206,6271802.74815165,32,Site,1099
768495.827365759,6271807.04370543,32,Site,1100
768498.386314311,6271811.33925921,32,Site,1101
768500.945262864,6271815.634813,32,Site,1102
768503.504211416,6271819.93036678,32,Site,1103
768506.063159969,6271824.22592056,32,Site,1104
768508.622108521,6271828.52147435,32,Site,1105
768511.181057074,6271832.81702813,32,Site,1106
768513.740005626,6271837.11258191,32,Site,1107
768479.575049918,6271769.63826373,33,Site,1108
768482.127438687,6271773.93771853,33,Site,1109
768484.679827456,6271778.23717333,33,Site,1110
768487.232216224,6271782.53662813,33,Site,1111
768489.784604993,6271786.83608293,33,Site,1112
768492.336993762,6271791.13553773,33,Site,1113
768494.88938253,6271795.43499253,33,Site,1114
768497.441771299,6271799.73444733,33,Site,1115
768499.994160067,6271804.03390213,33,Site,1116
768502.546548836,6271808.33335693,33,Site,1117
768505.098937605,6271812.63281173,33,Site,1118
768507.651326373,6271816.93226653,33,Site,1119
768510.203715142,6271821.23172133,33,Site,1120
768512.756103911,6271825.53117613,33,Site,1121
768515.308492679,6271829.83063093,33,Site,1122
768517.860881448,6271834.13008573,33,Site,1123
768475.122881991,6271767.37396572,33,Site,1124
768477.683168994,6271771.66872188,33,Site,1125
768480.243455998,6271775.96347804,33,Site,1126
768482.803743001,6271780.2582342,33,Site,1127
768485.364030005,6271784.55299036,33,Site,1128
768487.924317008,6271788.84774652,33,Site,1129
768490.484604012,6271793.14250267,33,Site,1130
768493.044891015,6271797.43725883,33,Site,1131
768495.605178019,6271801.73201499,33,Site,1132
768498.165465022,6271806.02677115,33,Site,1133
768500.725752026,6271810.32152731,33,Site,1134
768503.286039029,6271814.61628347,33,Site,1135
768505.846326033,6271818.91103962,33,Site,1136
768508.406613036,6271823.20579578,33,Site,1137
768510.96690004,6271827.50055194,33,Site,1138
768513.527187043,6271831.7953081,33,Site,1139
768516.087474047,6271836.09006426,33,Site,1140
768481.510646823,6271767.95456464,34,Site,1141
768484.067631293,6271772.25128786,34,Site,1142
768486.624615763,6271776.54801108,34,Site,1143
768489.181600233,6271780.8447343,34,Site,1144
768491.738584703,6271785.14145752,34,Site,1145
768494.295569173,6271789.43818074,34,Site,1146
768496.852553642,6271793.73490396,34,Site,1147
768499.409538112,6271798.03162718,34,Site,1148
768501.966522582,6271802.3283504,34,Site,1149
768504.523507052,6271806.62507362,34,Site,1150
768507.080491522,6271810.92179684,34,Site,1151
768509.637475992,6271815.21852005,34,Site,1152
768512.194460462,6271819.51524327,34,Site,1153
768514.751444931,6271823.81196649,34,Site,1154
768517.308429401,6271828.10868971,34,Site,1155
768519.865413871,6271832.40541293,34,Site,1156
768479.575049918,6271769.63826373,34,Site,1157
768482.127438687,6271773.93771853,34,Site,1158
768484.679827456,6271778.23717333,34,Site,1159
768487.232216224,6271782.53662813,34,Site,1160
768489.784604993,6271786.83608293,34,Site,1161
768492.336993762,6271791.13553773,34,Site,1162
768494.88938253,6271795.43499253,34,Site,1163
768497.441771299,6271799.73444733,34,Site,1164
768499.994160067,6271804.03390213,34,Site,1165
768502.546548836,6271808.33335693,34,Site,1166
768505.098937605,6271812.63281173,34,Site,1167
768507.651326373,6271816.93226653,34,Site,1168
768510.203715142,6271821.23172133,34,Site,1169
768512.756103911,6271825.53117613,34,Site,1170
768515.308492679,6271829.83063093,34,Site,1171
768517.860881448,6271834.13008573,34,Site,1172
768486.410187509,6271771.30263193,35,Site,1173
768488.975866713,6271775.59416897,35,Site,1174
768491.541545916,6271779.88570602,35,Site,1175
768494.10722512,6271784.17724307,35,Site,1176
768496.672904324,6271788.46878011,35,Site,1177
768499.238583528,6271792.76031716,35,Site,1178
768501.804262732,6271797.05185421,35,Site,1179
768504.369941936,6271801.34339125,35,Site,1180
768506.93562114,6271805.6349283,35,Site,1181
768509.501300344,6271809.92646535,35,Site,1182
768512.066979548,6271814.21800239,35,Site,1183
768514.632658752,6271818.50953944,35,Site,1184
768517.198337956,6271822.80107649,35,Site,1185
768519.764017159,6271827.09261353,35,Site,1186
768522.329696363,6271831.38415058,35,Site,1187
768481.510646823,6271767.95456464,35,Site,1188
768484.067631293,6271772.25128786,35,Site,1189
768486.624615763,6271776.54801108,35,Site,1190
768489.181600233,6271780.8447343,35,Site,1191
768491.738584703,6271785.14145752,35,Site,1192
768494.295569173,6271789.43818074,35,Site,1193
768496.852553642,6271793.73490396,35,Site,1194
768499.409538112,6271798.03162718,35,Site,1195
768501.966522582,6271802.3283504,35,Site,1196
768504.523507052,6271806.62507362,35,Site,1197
768507.080491522,6271810.92179684,35,Site,1198
768509.637475992,6271815.21852005,35,Site,1199
768512.194460462,6271819.51524327,35,Site,1200
768514.751444931,6271823.81196649,35,Site,1201
768517.308429401,6271828.10868971,35,Site,1202
768519.865413871,6271832.40541293,35,Site,1203
768488.676170634,6271769.9107998,36,Site,1204
768491.239594536,6271774.20368437,36,Site,1205
768493.803018439,6271778.49656893,36,Site,1206
768496.366442342,6271782.7894535,36,Site,1207
768498.929866244,6271787.08233807,36,Site,1208
768501.493290147,6271791.37522263,36,Site,1209
768504.05671405,6271795.6681072,36,Site,1210
768506.620137952,6271799.96099176,36,Site,1211
768509.183561855,6271804.25387633,36,Site,1212
768511.746985757,6271808.5467609,36,Site,1213
768514.31040966,6271812.83964546,36,Site,1214
768516.873833563,6271817.13253003,36,Site,1215
768519.437257465,6271821.42541459,36,Site,1216
768522.000681368,6271825.71829916,36,Site,1217
768524.56410527,6271830.01118372,36,Site,1218
768486.410187509,6271771.30263193,36,Site,1219
768488.975866713,6271775.59416897,36,Site,1220
768491.541545916,6271779.88570602,36,Site,1221
768494.10722512,6271784.17724307,36,Site,1222
768496.672904324,6271788.46878011,36,Site,1223
768499.238583528,6271792.76031716,36,Site,1224
768501.804262732,6271797.05185421,36,Site,1225
768504.369941936,6271801.34339125,36,Site,1226
768506.93562114,6271805.6349283,36,Site,1227
768509.501300344,6271809.92646535,36,Site,1228
768512.066979548,6271814.21800239,36,Site,1229
768514.632658752,6271818.50953944,36,Site,1230
768517.198337956,6271822.80107649,36,Site,1231
768519.764017159,6271827.09261353,36,Site,1232
768522.329696363,6271831.38415058,36,Site,1233
768490.85459289,6271768.77658367,37,Site,1234
768493.405060819,6271773.0771782,37,Site,1235
768495.955528748,6271777.37777274,37,Site,1236
768498.505996678,6271781.67836727,37,Site,1237
768501.056464607,6271785.9789618,37,Site,1238
768503.606932537,6271790.27955634,37,Site,1239
768506.157400466,6271794.58015087,37,Site,1240
768508.707868396,6271798.88074541,37,Site,1241
768511.258336325,6271803.18133994,37,Site,1242
768513.808804255,6271807.48193447,37,Site,1243
768516.359272184,6271811.78252901,37,Site,1244
768518.909740114,6271816.08312354,37,Site,1245
768521.460208043,6271820.38371807,37,Site,1246
768524.010675973,6271824.68431261,37,Site,1247
768526.561143902,6271828.98490714,37,Site,1248
768488.676170634,6271769.9107998,37,Site,1249
768491.239594536,6271774.20368437,37,Site,1250
768493.803018439,6271778.49656893,37,Site,1251
768496.366442342,6271782.7894535,37,Site,1252
768498.929866244,6271787.08233807,37,Site,1253
768501.493290147,6271791.37522263,37,Site,1254
768504.05671405,6271795.6681072,37,Site,1255
768506.620137952,6271799.96099176,37,Site,1256
768509.183561855,6271804.25387633,37,Site,1257
768511.746985757,6271808.5467609,37,Site,1258
768514.31040966,6271812.83964546,37,Site,1259
768516.873833563,6271817.13253003,37,Site,1260
768519.437257465,6271821.42541459,37,Site,1261
768522.000681368,6271825.71829916,37,Site,1262
768524.56410527,6271830.01118372,37,Site,1263
768492.799271949,6271767.50525038,38,Site,1264
768495.362091321,6271771.79849587,38,Site,1265
768497.924910693,6271776.09174136,38,Site,1266
768500.487730065,6271780.38498686,38,Site,1267
768503.050549437,6271784.67823235,38,Site,1268
768505.613368809,6271788.97147784,38,Site,1269
768508.176188181,6271793.26472334,38,Site,1270
768510.739007553,6271797.55796883,38,Site,1271
768513.301826924,6271801.85121433,38,Site,1272
768515.864646296,6271806.14445982,38,Site,1273
768518.427465668,6271810.43770531,38,Site,1274
768520.99028504,6271814.73095081,38,Site,1275
768523.553104412,6271819.0241963,38,Site,1276
768526.115923784,6271823.31744179,38,Site,1277
768528.678743156,6271827.61068729,38,Site,1278
768490.85459289,6271768.77658367,38,Site,1279
768493.405060819,6271773.0771782,38,Site,1280
768495.955528748,6271777.37777274,38,Site,1281
768498.505996678,6271781.67836727,38,Site,1282
768501.056464607,6271785.9789618,38,Site,1283
768503.606932537,6271790.27955634,38,Site,1284
768506.157400466,6271794.58015087,38,Site,1285
768508.707868396,6271798.88074541,38,Site,1286
768511.258336325,6271803.18133994,38,Site,1287
768513.808804255,6271807.48193447,38,Site,1288
768516.359272184,6271811.78252901,38,Site,1289
768518.909740114,6271816.08312354,38,Site,1290
768521.460208043,6271820.38371807,38,Site,1291
768524.010675973,6271824.68431261,38,Site,1292
768526.561143902,6271828.98490714,38,Site,1293
768497.384926141,6271770.52552212,39,Site,1294
768499.94595354,6271774.81983681,39,Site,1295
768502.506980939,6271779.1141515,39,Site,1296
768505.068008338,6271783.40846619,39,Site,1297
768507.629035737,6271787.70278088,39,Site,1298
768510.190063136,6271791.99709557,39,Site,1299
768512.751090535,6271796.29141026,39,Site,1300
768515.312117934,6271800.58572495,39,Site,1301
768517.873145333,6271804.88003964,39,Site,1302
768520.434172732,6271809.17435433,39,Site,1303
768522.995200131,6271813.46866902,39,Site,1304
768525.55622753,6271817.76298371,39,Site,1305
768528.117254929,6271822.0572984,39,Site,1306
768530.678282328,6271826.3516131,39,Site,1307
768492.799271949,6271767.50525038,39,Site,1308
768495.362091321,6271771.79849587,39,Site,1309
768497.924910693,6271776.09174136,39,Site,1310
768500.487730065,6271780.38498686,39,Site,1311
768503.050549437,6271784.67823235,39,Site,1312
768505.613368809,6271788.97147784,39,Site,1313
768508.176188181,6271793.26472334,39,Site,1314
768510.739007553,6271797.55796883,39,Site,1315
768513.301826924,6271801.85121433,39,Site,1316
768515.864646296,6271806.14445982,39,Site,1317
768518.427465668,6271810.43770531,39,Site,1318
768520.99028504,6271814.73095081,39,Site,1319
768523.553104412,6271819.0241963,39,Site,1320
768526.115923784,6271823.31744179,39,Site,1321
768528.678743156,6271827.61068729,39,Site,1322
768499.986998224,6271769.49301389,40,Site,1323
768502.546412236,6271773.78829036,40,Site,1324
768505.105826247,6271778.08356682,40,Site,1325
768507.665240259,6271782.37884329,40,Site,1326
768510.224654271,6271786.67411975,40,Site,1327
768512.784068282,6271790.96939622,40,Site,1328
768515.343482294,6271795.26467268,40,Site,1329
768517.902896306,6271799.55994915,40,Site,1330
768520.462310317,6271803.85522562,40,Site,1331
768523.021724329,6271808.15050208,40,Site,1332
768525.581138341,6271812.44577855,40,Site,1333
768528.140552352,6271816.74105501,40,Site,1334
768530.699966364,6271821.03633148,40,Site,1335
768533.259380376,6271825.33160794,40,Site,1336
768497.384926141,6271770.52552212,40,Site,1337
768499.94595354,6271774.81983681,40,Site,1338
768502.506980939,6271779.1141515,40,Site,1339
768505.068008338,6271783.40846619,40,Site,1340
768507.629035737,6271787.70278088,40,Site,1341
768510.190063136,6271791.99709557,40,Site,1342
768512.751090535,6271796.29141026,40,Site,1343
768515.312117934,6271800.58572495,40,Site,1344
768517.873145333,6271804.88003964,40,Site,1345
768520.434172732,6271809.17435433,40,Site,1346
768522.995200131,6271813.46866902,40,Site,1347
768525.55622753,6271817.76298371,40,Site,1348
768528.117254929,6271822.0572984,40,Site,1349
768530.678282328,6271826.3516131,40,Site,1350
768504.530215371,6271772.4940339,41,Site,1351
768507.100779282,6271776.78264687,41,Site,1352
768509.671343193,6271781.07125983,41,Site,1353
768512.241907103,6271785.3598728,41,Site,1354
768514.812471014,6271789.64848577,41,Site,1355
768517.383034924,6271793.93709873,41,Site,1356
768519.953598835,6271798.2257117,41,Site,1357
768522.524162745,6271802.51432467,41,Site,1358
768525.094726656,6271806.80293764,41,Site,1359
768527.665290567,6271811.0915506,41,Site,1360
768530.235854477,6271815.38016357,41,Site,1361
768532.806418388,6271819.66877654,41,Site,1362
768535.376982298,6271823.9573895,41,Site,1363
768499.986998224,6271769.49301389,41,Site,1364
768502.546412236,6271773.78829036,41,Site,1365
768505.105826247,6271778.08356682,41,Site,1366
768507.665240259,6271782.37884329,41,Site,1367
768510.224654271,6271786.67411975,41,Site,1368
768512.784068282,6271790.96939622,41,Site,1369
768515.343482294,6271795.26467268,41,Site,1370
768517.902896306,6271799.55994915,41,Site,1371
768520.462310317,6271803.85522562,41,Site,1372
768523.021724329,6271808.15050208,41,Site,1373
768525.581138341,6271812.44577855,41,Site,1374
768528.140552352,6271816.74105501,41,Site,1375
768530.699966364,6271821.03633148,41,Site,1376
768533.259380376,6271825.33160794,41,Site,1377
768506.767998981,6271771.43988251,42,Site,1378
768509.318396974,6271775.74051851,42,Site,1379
768511.868794968,6271780.04115452,42,Site,1380
768514.419192962,6271784.34179053,42,Site,1381
768516.969590956,6271788.64242654,42,Site,1382
768519.51998895,6271792.94306255,42,Site,1383
768522.070386943,6271797.24369856,42,Site,1384
768524.620784937,6271801.54433456,42,Site,1385
768527.171182931,6271805.84497057,42,Site,1386
768529.721580925,6271810.14560658,42,Site,1387
768532.271978918,6271814.44624259,42,Site,1388
768534.822376912,6271818.7468786,42,Site,1389
768537.372774906,6271823.0475146,42,Site,1390
768504.530215371,6271772.4940339,42,Site,1391
768507.100779282,6271776.78264687,42,Site,1392
768509.671343193,6271781.07125983,42,Site,1393
768512.241907103,6271785.3598728,42,Site,1394
768514.812471014,6271789.64848577,42,Site,1395
768517.383034924,6271793.93709873,42,Site,1396
768519.953598835,6271798.2257117,42,Site,1397
768522.524162745,6271802.51432467,42,Site,1398
768525.094726656,6271806.80293764,42,Site,1399
768527.665290567,6271811.0915506,42,Site,1400
768530.235854477,6271815.38016357,42,Site,1401
768532.806418388,6271819.66877654,42,Site,1402
768535.376982298,6271823.9573895,42,Site,1403
768511.458004185,6271774.42390738,43,Site,1404
768514.017021078,6271778.71942045,43,Site,1405
768516.57603797,6271783.01493352,43,Site,1406
768519.135054863,6271787.3104466,43,Site,1407
768521.694071755,6271791.60595967,43,Site,1408
768524.253088648,6271795.90147274,43,Site,1409
768526.81210554,6271800.19698581,43,Site,1410
768529.371122433,6271804.49249888,43,Site,1411
768531.930139325,6271808.78801195,43,Site,1412
768534.489156218,6271813.08352502,43,Site,1413
768537.04817311,6271817.37903809,43,Site,1414
768539.607190003,6271821.67455116,43,Site,1415
768506.767998981,6271771.43988251,43,Site,1416
768509.318396974,6271775.74051851,43,Site,1417
768511.868794968,6271780.04115452,43,Site,1418
768514.419192962,6271784.34179053,43,Site,1419
768516.969590956,6271788.64242654,43,Site,1420
768519.51998895,6271792.94306255,43,Site,1421
768522.070386943,6271797.24369856,43,Site,1422
768524.620784937,6271801.54433456,43,Site,1423
768527.171182931,6271805.84497057,43,Site,1424
768529.721580925,6271810.14560658,43,Site,1425
768532.271978918,6271814.44624259,43,Site,1426
768534.822376912,6271818.7468786,43,Site,1427
768537.372774906,6271823.0475146,43,Site,1428
768513.666072315,6271773.06665095,44,Site,1429
768516.227484474,6271777.36073615,44,Site,1430
768518.788896633,6271781.65482136,44,Site,1431
768521.350308792,6271785.94890657,44,Site,1432
768523.911720951,6271790.24299177,44,Site,1433
768526.473133111,6271794.53707698,44,Site,1434
768529.03454527,6271798.83116218,44,Site,1435
768531.595957429,6271803.12524739,44,Site,1436
768534.157369588,6271807.41933259,44,Site,1437
768536.718781747,6271811.7134178,44,Site,1438
768539.280193906,6271816.007503,44,Site,1439
768541.841606066,6271820.30158821,44,Site,1440
768511.458004185,6271774.42390738,44,Site,1441
768514.017021078,6271778.71942045,44,Site,1442
768516.57603797,6271783.01493352,44,Site,1443
768519.135054863,6271787.3104466,44,Site,1444
768521.694071755,6271791.60595967,44,Site,1445
768524.253088648,6271795.90147274,44,Site,1446
768526.81210554,6271800.19698581,44,Site,1447
768529.371122433,6271804.49249888,44,Site,1448
768531.930139325,6271808.78801195,44,Site,1449
768534.489156218,6271813.08352502,44,Site,1450
768537.04817311,6271817.37903809,44,Site,1451
768539.607190003,6271821.67455116,44,Site,1452
768515.983820777,6271771.45796182,45,Site,1453
768518.527151736,6271775.76278094,45,Site,1454
768521.070482695,6271780.06760006,45,Site,1455
768523.613813653,6271784.37241917,45,Site,1456
768526.157144612,6271788.67723829,45,Site,1457
768528.700475571,6271792.98205741,45,Site,1458
768531.24380653,6271797.28687653,45,Site,1459
768533.787137489,6271801.59169564,45,Site,1460
768536.330468448,6271805.89651476,45,Site,1461
768538.873799407,6271810.20133388,45,Site,1462
768541.417130366,6271814.506153,45,Site,1463
768543.960461325,6271818.81097211,45,Site,1464
768513.666072315,6271773.06665095,45,Site,1465
768516.227484474,6271777.36073615,45,Site,1466
768518.788896633,6271781.65482136,45,Site,1467
768521.350308792,6271785.94890657,45,Site,1468
768523.911720951,6271790.24299177,45,Site,1469
768526.473133111,6271794.53707698,45,Site,1470
768529.03454527,6271798.83116218,45,Site,1471
768531.595957429,6271803.12524739,45,Site,1472
768534.157369588,6271807.41933259,45,Site,1473
768536.718781747,6271811.7134178,45,Site,1474
768539.280193906,6271816.007503,45,Site,1475
768541.841606066,6271820.30158821,45,Site,1476
768518.091124702,6271770.66813747,46,Site,1477
768520.634824141,6271774.97273886,46,Site,1478
768523.178523581,6271779.27734026,46,Site,1479
768525.72222302,6271783.58194165,46,Site,1480
768528.265922459,6271787.88654305,46,Site,1481
768530.809621899,6271792.19114444,46,Site,1482
768533.353321338,6271796.49574583,46,Site,1483
768535.897020778,6271800.80034723,46,Site,1484
768538.440720217,6271805.10494862,46,Site,1485
768540.984419657,6271809.40955002,46,Site,1486
768543.528119096,6271813.71415141,46,Site,1487
768546.071818535,6271818.0187528,46,Site,1488
768515.983820777,6271771.45796182,46,Site,1489
768518.527151736,6271775.76278094,46,Site,1490
768521.070482695,6271780.06760006,46,Site,1491
768523.613813653,6271784.37241917,46,Site,1492
768526.157144612,6271788.67723829,46,Site,1493
768528.700475571,6271792.98205741,46,Site,1494
768531.24380653,6271797.28687653,46,Site,1495
768533.787137489,6271801.59169564,46,Site,1496
768536.330468448,6271805.89651476,46,Site,1497
768538.873799407,6271810.20133388,46,Site,1498
768541.417130366,6271814.506153,46,Site,1499
768543.960461325,6271818.81097211,46,Site,1500
768522.379011845,6271772.98499922,47,Site,1501
768524.937440829,6271777.28086248,47,Site,1502
768527.495869814,6271781.57672574,47,Site,1503
768530.054298798,6271785.872589,47,Site,1504
768532.612727783,6271790.16845225,47,Site,1505
768535.171156767,6271794.46431551,47,Site,1506
768537.729585752,6271798.76017877,47,Site,1507
768540.288014736,6271803.05604203,47,Site,1508
768542.846443721,6271807.35190529,47,Site,1509
768545.404872705,6271811.64776854,47,Site,1510
768547.963301689,6271815.9436318,47,Site,1511
768518.091124702,6271770.66813747,47,Site,1512
768520.634824141,6271774.97273886,47,Site,1513
768523.178523581,6271779.27734026,47,Site,1514
768525.72222302,6271783.58194165,47,Site,1515
768528.265922459,6271787.88654305,47,Site,1516
768530.809621899,6271792.19114444,47,Site,1517
768533.353321338,6271796.49574583,47,Site,1518
768535.897020778,6271800.80034723,47,Site,1519
768538.440720217,6271805.10494862,47,Site,1520
768540.984419657,6271809.40955002,47,Site,1521
768543.528119096,6271813.71415141,47,Site,1522
768546.071818535,6271818.0187528,47,Site,1523
768524.895782599,6271771.97778206,48,Site,1524
768527.437157694,6271776.28375612,48,Site,1525
768529.97853279,6271780.58973018,48,Site,1526
768532.519907886,6271784.89570425,48,Site,1527
768535.061282981,6271789.20167831,48,Site,1528
768537.602658077,6271793.50765237,48,Site,1529
768540.144033173,6271797.81362643,48,Site,1530
768542.685408268,6271802.11960049,48,Site,1531
768545.226783364,6271806.42557456,48,Site,1532
768547.76815846,6271810.73154862,48,Site,1533
768550.309533555,6271815.03752268,48,Site,1534
768522.379011845,6271772.98499922,48,Site,1535
768524.937440829,6271777.28086248,48,Site,1536
768527.495869814,6271781.57672574,48,Site,1537
768530.054298798,6271785.872589,48,Site,1538
768532.612727783,6271790.16845225,48,Site,1539
768535.171156767,6271794.46431551,48,Site,1540
768537.729585752,6271798.76017877,48,Site,1541
768540.288014736,6271803.05604203,48,Site,1542
768542.846443721,6271807.35190529,48,Site,1543
768545.404872705,6271811.64776854,48,Site,1544
768547.963301689,6271815.9436318,48,Site,1545
768529.643595631,6271775.08858288,49,Site,1546
768532.174823082,6271779.40052996,49,Site,1547
768534.706050532,6271783.71247703,49,Site,1548
768537.237277983,6271788.02442411,49,Site,1549
768539.768505434,6271792.33637119,49,Site,1550
768542.299732884,6271796.64831826,49,Site,1551
768544.830960335,6271800.96026534,49,Site,1552
768547.362187786,6271805.27221242,49,Site,1553
768549.893415236,6271809.58415949,49,Site,1554
768552.424642687,6271813.89610657,49,Site,1555
768524.895782599,6271771.97778206,49,Site,1556
768527.437157694,6271776.28375612,49,Site,1557
768529.97853279,6271780.58973018,49,Site,1558
768532.519907886,6271784.89570425,49,Site,1559
768535.061282981,6271789.20167831,49,Site,1560
768537.602658077,6271793.50765237,49,Site,1561
768540.144033173,6271797.81362643,49,Site,1562
768542.685408268,6271802.11960049,49,Site,1563
768545.226783364,6271806.42557456,49,Site,1564
768547.76815846,6271810.73154862,49,Site,1565
768550.309533555,6271815.03752268,49,Site,1566
768533.082665863,6271776.07198046,50,Site,1567
768535.621755784,6271780.37930241,50,Site,1568
768538.160845704,6271784.68662435,50,Site,1569
768540.699935624,6271788.9939463,50,Site,1570
768543.239025544,6271793.30126825,50,Site,1571
768545.778115464,6271797.6085902,50,Site,1572
768548.317205384,6271801.91591215,50,Site,1573
768550.856295304,6271806.2232341,50,Site,1574
768553.395385224,6271810.53055605,50,Site,1575
768529.643595631,6271775.08858288,50,Site,1576
768532.174823082,6271779.40052996,50,Site,1577
768534.706050532,6271783.71247703,50,Site,1578
768537.237277983,6271788.02442411,50,Site,1579
768539.768505434,6271792.33637119,50,Site,1580
768542.299732884,6271796.64831826,50,Site,1581
768544.830960335,6271800.96026534,50,Site,1582
768547.362187786,6271805.27221242,50,Site,1583
768549.893415236,6271809.58415949,50,Site,1584
768552.424642687,6271813.89610657,50,Site,1585
768402.7720623,6271797.50636525,1,border_left,1586
768404.424891394,6271795.89429147,2,border_left,1587
768406.659286841,6271794.52127591,3,border_left,1588
768408.889941239,6271793.49746036,4,border_left,1589
768411.356715237,6271792.2433493,5,border_left,1590
768413.704183276,6271791.22078686,6,border_left,1591
768416.051652075,6271790.19822512,7,border_left,1592
768418.509696178,6271789.75891558,8,border_left,1593
768420.627284709,6271788.38465161,9,border_left,1594
768422.857943532,6271787.36083992,10,border_left,1595
768425.43529666,6271786.68998493,11,border_left,1596
768427.665956861,6271785.66617464,12,border_left,1597
768430.128994457,6271784.76126924,13,border_left,1598
768432.014210492,6271783.26810362,14,border_left,1599
768434.476001838,6271782.4795996,15,border_left,1600
768437.17765758,6271781.11160065,16,border_left,1601
768439.287765685,6271780.43574147,17,border_left,1602
768441.407857697,6271778.8286821,18,border_left,1603
768443.807501861,6271778.38875529,19,border_left,1604
768446.154980296,6271777.36620247,20,border_left,1605
768448.26758673,6271776.45754554,21,border_left,1606
768451.083564182,6271775.32360396,22,border_left,1607
768453.309239949,6271774.76540149,23,border_left,1608
768455.426841033,6271773.39114572,24,border_left,1609
768457.775571432,6271772.25219611,25,border_left,1610
768459.773865337,6271771.10948909,26,border_left,1611
768462.235664898,6271770.32099419,27,border_left,1612
768464.588142725,6271768.83284565,28,border_left,1613
768466.699506267,6271768.04059386,29,border_left,1614
768468.47166861,6271766.19698116,30,border_left,1615
768471.164599323,6271765.64379547,31,border_left,1616
768473.970597495,6271765.44106487,32,border_left,1617
768476.894656992,6271765.12318814,33,border_left,1618
768479.356461039,6271764.33469906,34,border_left,1619
768481.702701784,6271763.42855735,35,border_left,1620
768485.315150861,6271764.28220677,36,border_left,1621
768488.69397388,6271765.1333517,37,border_left,1622
768491.610541241,6271765.51388383,38,border_left,1623
768494.414042419,6271765.54396291,39,border_left,1624
768498.143301207,6271766.39887267,40,border_left,1625
768501.175430977,6271766.89706282,41,border_left,1626
768504.439936238,6271767.5141617,42,border_left,1627
768507.36024905,6271767.54549998,43,border_left,1628
768510.741565916,6271768.16385559,44,border_left,1629
768514.127879175,6271768.31661175,45,border_left,1630
768517.271822096,6271769.28166426,46,border_left,1631
768520.1921341,6271769.3130084,47,border_left,1632
768524.03445154,6271770.51838742,48,border_left,1633
768528.217208743,6271772.65873219,49,border_left,1634
768531.710335088,6271773.74395323,50,border_left,1635
768449.370237815,6271875.18728785,1,border_right,1636
768451.487804963,6271873.81305261,2,border_right,1637
768453.720935463,6271872.55646876,3,border_right,1638
768456.069629262,6271871.41753648,4,border_right,1639
768458.071636716,6271869.92565152,5,border_right,1640
768460.303521612,6271868.78546766,6,border_right,1641
768462.532910677,6271867.87808137,7,border_right,1642
768464.416861709,6271866.50134333,8,border_right,1643
768466.769304857,6271865.01321824,9,border_right,1644
768468.650760797,6271863.86927796,10,border_right,1645
768471.113774322,6271862.96439965,11,border_right,1646
768473.000225685,6271861.35486583,12,border_right,1647
768475.11405692,6271860.32983128,13,border_right,1648
768477.583315703,6271858.84296166,14,border_right,1649
768479.350461807,6271857.46497302,15,border_right,1650
768481.465544026,6271856.32354122,16,border_right,1651
768483.819243645,6271854.71902123,17,border_right,1652
768485.58389477,6271853.57383092,18,border_right,1653
768488.223379938,6271852.55443866,19,border_right,1654
768490.343460689,6271850.9474137,20,border_right,1655
768492.457298197,6271849.92238316,21,border_right,1656
768494.577380895,6271848.31535893,22,border_right,1657
768496.579404663,6271846.8234805,23,border_right,1658
768498.811304612,6271845.68330585,24,border_right,1659
768501.161265488,6271844.42798629,25,border_right,1660
768502.924673546,6271843.39919782,26,border_right,1661
768505.273386987,6271842.26027827,27,border_right,1662
768507.507788381,6271840.88730785,28,border_right,1663
768510.088876775,6271839.86729574,29,border_right,1664
768511.628658831,6271837.90480945,30,border_right,1665
768513.740005626,6271837.11258191,31,border_right,1666
768516.087474047,6271836.09006426,32,border_right,1667
768517.860881448,6271834.13008573,33,border_right,1668
768519.865413871,6271832.40541293,34,border_right,1669
768522.329696363,6271831.38415058,35,border_right,1670
768524.56410527,6271830.01118372,36,border_right,1671
768526.561143902,6271828.98490714,37,border_right,1672
768528.678743156,6271827.61068729,38,border_right,1673
768530.678282328,6271826.3516131,39,border_right,1674
768533.259380376,6271825.33160794,40,border_right,1675
768535.376982298,6271823.9573895,41,border_right,1676
768537.372774906,6271823.0475146,42,border_right,1677
768539.607190003,6271821.67455116,43,border_right,1678
768541.841606066,6271820.30158821,44,border_right,1679
768543.960461325,6271818.81097211,45,border_right,1680
768546.071818535,6271818.0187528,46,border_right,1681
768547.963301689,6271815.9436318,47,border_right,1682
768550.309533555,6271815.03752268,48,border_right,1683
768552.424642687,6271813.89610657,49,border_right,1684
768553.395385224,6271810.53055605,50,border_right,1685
