Rang,X,Y,DA,Site,Yield
1,768405.645259215,6271802.29609327,0.109560012817383,1,228.900179376274
1,768408.21731678,6271806.5838106,0.08634352684021,2,65.6280315931369
1,768410.789374345,6271810.87152793,0.117927215993404,3,178.073223529993
1,768413.36143191,6271815.15924526,0.0632550418376923,4,144.987371654238
1,768415.933489474,6271819.44696258,0.0973548628389835,5,152.674828919839
1,768418.505547039,6271823.73467991,0.120231810957193,6,156.291774931857
1,768421.077604604,6271828.02239724,0.0406175963580608,7,202.63839063265
1,768423.649662168,6271832.31011457,0.0904073342680931,8,345.958289607114
1,768426.221719733,6271836.59783189,0.0351628516800702,9,655.045880693728
1,768428.793777298,6271840.88554922,0.106222435832024,10,316.248386467554
1,768431.365834862,6271845.17326655,0.0903604403138161,11,498.228308124691
1,768433.937892427,6271849.46098388,0.120859608054161,12,286.146112824563
1,768436.509949992,6271853.74870121,0.118474580347538,13,187.595508842642
1,768439.082007556,6271858.03641853,0.0888581946492195,14,546.107868135067
1,768441.654065121,6271862.32413586,0.106312170624733,15,372.15993228083
1,768444.226122686,6271866.61185319,0.0478223077952862,16,99.9522562954277
1,768446.79818025,6271870.89957052,0.112401384860277,17,466.674419869894
1,768449.370237815,6271875.18728785,0.141363389790058,18,64.524848194747
2,768407.541871993,6271801.05485736,0.206163540482521,19,142.171030490161
2,768410.126926874,6271805.3347512,0.221904821693897,20,342.635231316657
2,768412.711981754,6271809.61464504,0.168701276183128,21,352.427255726461
2,768415.297036635,6271813.89453888,0.203934237360954,22,382.452630832553
2,768417.882091515,6271818.17443271,0.240499973297119,23,684.215357226124
2,768420.467146396,6271822.45432655,0.22993840277195,24,888.794491141868
2,768423.052201276,6271826.73422039,0.281475186347961,25,299.551628516849
2,768425.637256157,6271831.01411423,0.205060005187988,26,421.768400444294
2,768428.222311038,6271835.29400807,0.251481182873249,27,650.513989883432
2,768430.807365918,6271839.5739019,0.301566958427429,28,417.666321943174
2,768433.392420799,6271843.85379574,0.238537654280663,29,381.117812720793
2,768435.977475679,6271848.13368958,0.276777505874634,30,667.898842062429
2,768438.56253056,6271852.41358342,0.279871970415115,31,711.460367704948
2,768441.14758544,6271856.69347726,0.32145319879055,32,892.268198721317
2,768443.732640321,6271860.97337109,0.262201011180878,33,770.09614121251
2,768446.317695202,6271865.25326493,0.262529402971268,34,533.105961049195
2,768448.902750082,6271869.53315877,0.278394877910614,35,627.154164925881
2,768451.487804963,6271873.81305261,0.196967706084251,36,112.253603062615
3,768409.823938915,6271799.76873838,0.317154347896576,37,632.065132847798
3,768412.406115183,6271804.05036957,0.310237675905228,38,595.138546114722
3,768414.98829145,6271808.33200077,0.367785885930061,39,697.32649579233
3,768417.570467718,6271812.61363197,0.382028505206108,40,904.547375799436
3,768420.152643985,6271816.89526317,0.376900523900986,41,1223.98052265152
3,768422.734820253,6271821.17689437,0.366815954446793,42,1087.52371591735
3,768425.31699652,6271825.45852557,0.385570243000984,43,643.091541925657
3,768427.899172788,6271829.74015677,0.342362195253372,44,1171.68517109278
3,768430.481349055,6271834.02178797,0.372469931840897,45,1190.32251946958
3,768433.063525323,6271838.30341917,0.389737993478775,46,905.865809879068
3,768435.64570159,6271842.58505036,0.408581137657166,47,837.383549930884
3,768438.227877858,6271846.86668156,0.374251395463943,48,1276.684502291
3,768440.810054125,6271851.14831276,0.376630231738091,49,754.731137972498
3,768443.392230393,6271855.42994396,0.427137196063995,50,777.185870550492
3,768445.97440666,6271859.71157516,0.377297401428223,51,1021.4496188588
3,768448.556582928,6271863.99320636,0.362316325306892,52,633.084873057258
3,768451.138759195,6271868.27483756,0.381994843482971,53,572.168931690372
3,768453.720935463,6271872.55646876,0.322471737861633,54,997.339887912982
4,768412.044425498,6271798.70727975,0.320327177643776,55,473.541284076623
4,768414.634143367,6271802.98435368,0.351017475128174,56,996.007459567937
4,768417.223861235,6271807.2614276,0.414008647203445,57,646.460579144513
4,768419.813579104,6271811.53850153,0.38569264113903,58,753.94183473205
4,768422.403296972,6271815.81557546,0.405928790569305,59,826.150403581983
4,768424.993014841,6271820.09264938,0.403971835970879,60,1405.61897391882
4,768427.582732709,6271824.36972331,0.415508165955544,61,781.145837576252
4,768430.172450578,6271828.64679723,0.438826322555542,62,1001.95829479354
4,768432.762168446,6271832.92387116,0.446713745594025,63,1205.52697698683
4,768435.351886315,6271837.20094508,0.423285230994225,64,1156.32566103741
4,768437.941604183,6271841.47801901,0.444055557250977,65,969.810292386306
4,768440.531322051,6271845.75509293,0.415150210261345,66,496.743600311337
4,768443.12103992,6271850.03216686,0.422570675611496,67,790.898496396009
4,768445.710757788,6271854.30924078,0.427049398422241,68,1081.37255988155
4,768448.300475657,6271858.58631471,0.426903665065765,69,638.354552299924
4,768450.890193525,6271862.86338863,0.427477300167084,70,962.331700515148
4,768453.479911394,6271867.14046256,0.386377409100533,71,761.935523524356
4,768456.069629262,6271871.41753648,0.291157796978951,72,647.131922552456
5,768414.266750415,6271797.08245049,0.391742527484894,73,854.844506205065
5,768416.843508432,6271801.36734467,0.406324416399002,74,668.503779389336
5,768419.42026645,6271805.65223884,0.444453924894333,75,1163.07058576232
5,768421.997024468,6271809.93713302,0.441855877637863,76,1187.48672299204
5,768424.573782486,6271814.2220272,0.434887856245041,77,1008.39528834083
5,768427.150540503,6271818.50692138,0.450152978301048,78,765.051718867255
5,768429.727298521,6271822.79181556,0.436192095279694,79,921.100283996588
5,768432.304056539,6271827.07670973,0.470621377229691,80,789.325790643781
5,768434.880814556,6271831.36160391,0.490060806274414,81,844.50816609322
5,768437.457572574,6271835.64649809,0.478494629263878,82,949.017138060293
5,768440.034330592,6271839.93139227,0.446501076221466,83,462.423199075452
5,768442.61108861,6271844.21628645,0.446936085820198,84,977.423545101377
5,768445.187846627,6271848.50118062,0.453155070543289,85,1220.53654385653
5,768447.764604645,6271852.7860748,0.461076885461807,86,1078.04963953055
5,768450.341362663,6271857.07096898,0.455728560686111,87,1064.59315047297
5,768452.918120681,6271861.35586316,0.464411497116089,88,997.422602295066
5,768455.494878698,6271865.64075734,0.427220746874809,89,997.163365558584
5,768458.071636716,6271869.92565152,0.392268002033234,90,796.787560944386
6,768416.5295809,6271795.92366618,0.379536047577858,91,1087.04401360506
6,768419.104518588,6271800.20965451,0.413716003298759,92,889.789059049148
6,768421.679456277,6271804.49564283,0.44654580950737,93,775.920284672229
6,768424.254393966,6271808.78163115,0.457305744290352,94,801.594799837666
6,768426.829331655,6271813.06761947,0.485589683055878,95,1011.41755755095
6,768429.404269344,6271817.35360779,0.452507704496384,96,1307.11045583407
6,768431.979207033,6271821.63959612,0.445310771465302,97,913.86903433484
6,768434.554144722,6271825.92558444,0.512775391340256,98,1187.43861243728
6,768437.129082411,6271830.21157276,0.487380102276802,99,891.286740747014
6,768439.7040201,6271834.49756108,0.493328422307968,100,1025.39705773381
6,768442.278957789,6271838.78354941,0.458637282252312,101,1061.42698863027
6,768444.853895478,6271843.06953773,0.473901212215424,102,1067.39194214556
6,768447.428833167,6271847.35552605,0.481353640556335,103,818.622105519691
6,768450.003770856,6271851.64151437,0.46183280646801,104,1219.29956319983
6,768452.578708545,6271855.92750269,0.465703502297401,105,1185.28400391422
6,768455.153646234,6271860.21349102,0.444858580827713,106,1103.66663527071
6,768457.728583923,6271864.49947934,0.426635473966599,107,816.066190261085
6,768460.303521612,6271868.78546766,0.392580509185791,108,665.541108983011
7,768418.888248388,6271794.93876787,0.379172623157501,109,610.138265820508
7,768421.455581463,6271799.22931573,0.437614724040031,110,820.243423676356
7,768424.022914539,6271803.51986358,0.470700308680534,111,1388.08238196373
7,768426.590247615,6271807.81041143,0.471383109688759,112,1240.30884117837
7,768429.157580691,6271812.10095929,0.480074912309647,113,988.604471972683
7,768431.724913767,6271816.39150714,0.458162397146225,114,668.803432033188
7,768434.292246843,6271820.68205499,0.473652794957161,115,1043.9273089529
7,768436.859579918,6271824.97260284,0.5233334004879,116,1176.4668233225
7,768439.426912994,6271829.2631507,0.471500784158707,117,1197.97786773482
7,768441.99424607,6271833.55369855,0.497407212853432,118,1318.13614851455
7,768444.561579146,6271837.8442464,0.478212058544159,119,1209.76928162601
7,768447.128912222,6271842.13479425,0.484250858426094,120,914.09392297459
7,768449.696245298,6271846.42534211,0.464945167303085,121,1037.04882420098
7,768452.263578374,6271850.71588996,0.455417171120644,122,952.401534379741
7,768454.830911449,6271855.00643781,0.484482988715172,123,1149.0248168348
7,768457.398244525,6271859.29698567,0.433587163686752,124,652.606002203043
7,768459.965577601,6271863.58753352,0.38289101421833,125,1016.02507112938
7,768462.532910677,6271867.87808137,0.334795206785202,126,448.788516102959
8,768420.781413728,6271793.55651706,0.372546657919884,127,714.059058318542
8,768423.348204785,6271797.8473892,0.426430821418762,128,794.459794132113
8,768425.914995843,6271802.13826133,0.485847398638725,129,927.321195318759
8,768428.481786901,6271806.42913347,0.439580738544464,130,911.046310252139
8,768431.048577958,6271810.7200056,0.433362200856209,131,1045.78151028867
8,768433.615369016,6271815.01087773,0.485514968633652,132,871.916504817031
8,768436.182160074,6271819.30174987,0.49297159910202,133,857.506910616268
8,768438.748951132,6271823.592622,0.517126470804214,134,1064.26685536061
8,768441.315742189,6271827.88349413,0.482517540454865,135,1510.8930396565
8,768443.882533247,6271832.17436627,0.513734817504883,136,1131.16214186289
8,768446.449324305,6271836.4652384,0.518335908651352,137,1139.65150958813
8,768449.016115363,6271840.75611053,0.500944182276726,138,1153.88384340113
8,768451.58290642,6271845.04698267,0.482712611556053,139,756.544377574343
8,768454.149697478,6271849.3378548,0.453702539205551,140,1138.06643796508
8,768456.716488536,6271853.62872693,0.476612344384193,141,1320.57015960852
8,768459.283279593,6271857.91959907,0.474359095096588,142,1315.28925642029
8,768461.850070651,6271862.2104712,0.411415204405785,143,862.957449266221
8,768464.416861709,6271866.50134333,0.334795206785202,144,461.167067081445
9,768422.922014121,6271792.1955343,0.38831490278244,145,1042.93645871069
9,768425.501266517,6271796.47892747,0.426973178982735,146,1000.01057484119
9,768428.080518913,6271800.76232064,0.50305463373661,147,1503.48769853974
9,768430.65977131,6271805.04571382,0.464383289217949,148,1405.17120774701
9,768433.239023706,6271809.32910699,0.500383168458939,149,1228.60220716004
9,768435.818276102,6271813.61250016,0.470494210720062,150,1143.49245543519
9,768438.397528498,6271817.89589334,0.488820597529411,151,1024.83373059402
9,768440.976780895,6271822.17928651,0.45691029727459,152,876.418123454034
9,768443.556033291,6271826.46267968,0.494745537638664,153,929.782997632956
9,768446.135285687,6271830.74607285,0.522313803434372,154,1163.79714801854
9,768448.714538083,6271835.02946603,0.528753817081451,155,1344.75294979665
9,768451.293790479,6271839.3128592,0.48286184668541,156,1434.26045335485
9,768453.873042876,6271843.59625237,0.487703412771225,157,1165.91099017065
9,768456.452295272,6271847.87964555,0.491776913404465,158,1315.17785499932
9,768459.031547668,6271852.16303872,0.501493558287621,159,828.916187237277
9,768461.610800064,6271856.44643189,0.477526411414146,160,982.375003358834
9,768464.190052461,6271860.72982507,0.432809293270111,161,707.021613318271
9,768466.769304857,6271865.01321824,0.271219551563263,162,831.48633192239
10,768424.997324704,6271790.93521516,0.472562730312347,163,1526.5884343851
10,768427.565173886,6271795.22545415,0.456367328763008,164,1010.22851445063
10,768430.133023068,6271799.51569313,0.517163068056107,165,884.421457859453
10,768432.70087225,6271803.80593212,0.517405986785889,166,1015.5901311146
10,768435.268721432,6271808.09617111,0.49761950969696,167,1049.16277513227
10,768437.836570614,6271812.3864101,0.461482405662537,168,1084.79570865031
10,768440.404419796,6271816.67664909,0.40629743039608,169,872.626141056776
10,768442.972268978,6271820.96688808,0.430214196443558,170,886.544742159823
10,768445.54011816,6271825.25712707,0.495917871594429,171,830.586886665356
10,768448.107967342,6271829.54736605,0.517797321081161,172,1002.82530352108
10,768450.675816524,6271833.83760504,0.480691388249397,173,1410.82305390317
10,768453.243665706,6271838.12784403,0.477113261818886,174,809.425157677743
10,768455.811514888,6271842.41808302,0.507772743701935,175,1094.1227798997
10,768458.37936407,6271846.70832201,0.493931502103806,176,1313.25631257565
10,768460.947213252,6271850.998561,0.529015123844147,177,1674.20590282557
10,768463.515062434,6271855.28879998,0.491919428110123,178,1091.66913204835
10,768466.082911615,6271859.57903897,0.422236040234566,179,698.797447933746
10,768468.650760797,6271863.86927796,0.329094111919403,180,1013.42927185634
11,768427.442227533,6271790.04117974,0.441678121685982,181,1056.02505388143
11,768430.01114205,6271794.33078092,0.456117942929268,182,1070.7518729461
11,768432.580056567,6271798.62038209,0.480187565088272,183,1085.39449984026
11,768435.148971084,6271802.90998326,0.473155841231346,184,819.46504243368
11,768437.717885601,6271807.19958443,0.457715064287186,185,614.192503083316
11,768440.286800118,6271811.4891856,0.457169815897942,186,1028.0796832517
11,768442.855714635,6271815.77878677,0.3777976334095,187,664.359746599337
11,768445.424629152,6271820.06838794,0.456957399845123,188,661.292782541456
11,768447.993543669,6271824.35798911,0.452011302113533,189,784.51386903041
11,768450.562458186,6271828.64759028,0.446568727493286,190,782.416617893086
11,768453.131372703,6271832.93719145,0.458741828799248,191,1181.21761581831
11,768455.70028722,6271837.22679262,0.479777753353119,192,869.630120289281
11,768458.269201737,6271841.51639379,0.498123586177826,193,1050.36937967556
11,768460.838116254,6271845.80599497,0.486262172460556,194,1147.04856586702
11,768463.407030771,6271850.09559614,0.515971928834915,195,1135.08504223254
11,768465.975945288,6271854.38519731,0.493178337812424,196,1571.88165546041
11,768468.544859805,6271858.67479848,0.424359500408173,197,1125.28619983983
11,768471.113774322,6271862.96439965,0.317606896162033,198,464.498161442682
12,768429.324024717,6271788.43443338,0.447842568159103,199,1221.85103174734
12,768431.893213009,6271792.72387058,0.447589263319969,200,1090.63175688912
12,768434.462401301,6271797.01330778,0.504708513617516,201,1021.64192182201
12,768437.031589593,6271801.30274499,0.479208111763,202,1118.63916732607
12,768439.600777886,6271805.59218219,0.505147054791451,203,825.494359974058
12,768442.169966178,6271809.88161939,0.465126141905785,204,930.155995441739
12,768444.73915447,6271814.17105659,0.45879802107811,205,978.600790444154
12,768447.308342763,6271818.4604938,0.477013409137726,206,1246.25884603117
12,768449.877531055,6271822.749931,0.477775260806084,207,739.186153803952
12,768452.446719347,6271827.0393682,0.473600819706917,208,1101.79095131837
12,768455.015907639,6271831.32880541,0.469449922442436,209,984.391455912342
12,768457.585095932,6271835.61824261,0.510775119066238,210,1061.82611570633
12,768460.154284224,6271839.90767981,0.496513500809669,211,954.60463024025
12,768462.723472516,6271844.19711702,0.505394697189331,212,565.565037394363
12,768465.292660808,6271848.48655422,0.50030255317688,213,882.575261698485
12,768467.861849101,6271852.77599142,0.471290081739426,214,836.429490082118
12,768470.431037393,6271857.06542863,0.433737844228745,215,947.760678580272
12,768473.000225685,6271861.35486583,0.336750581860542,216,659.417163557056
13,768431.635234416,6271787.29154,0.456020727753639,217,994.696651557835
13,768434.192812211,6271791.58791007,0.462838858366013,218,1160.94550949023
13,768436.750390005,6271795.88428015,0.541463851928711,219,1321.8062105377
13,768439.307967799,6271800.18065022,0.510426610708237,220,1213.71574599565
13,768441.865545594,6271804.4770203,0.536062061786652,221,990.7393458373
13,768444.423123388,6271808.77339037,0.502282038331032,222,1620.69534566841
13,768446.980701182,6271813.06976045,0.509972870349884,223,1100.17842654389
13,768449.538278977,6271817.36613052,0.484987273812294,224,1388.96649168483
13,768452.095856771,6271821.6625006,0.495230704545975,225,1175.78442944814
13,768454.653434565,6271825.95887067,0.452220410108566,226,860.500218066878
13,768457.211012359,6271830.25524075,0.478900864720345,227,887.23190863519
13,768459.768590154,6271834.55161083,0.499287933111191,228,1153.26758108133
13,768462.326167948,6271838.8479809,0.513373762369156,229,1054.43152509654
13,768464.883745742,6271843.14435098,0.509852141141891,230,859.025403912074
13,768467.441323537,6271847.44072105,0.502992480993271,231,894.488097882212
13,768469.998901331,6271851.73709113,0.455052077770233,232,1060.80893062899
13,768472.556479125,6271856.0334612,0.44731792807579,233,1147.27346968776
13,768475.11405692,6271860.32983128,0.31822457909584,234,1089.8250518802
14,768433.692505597,6271786.0515007,0.401185721158981,235,590.194718781611
14,768436.274317956,6271790.33335135,0.445780903100967,236,867.827746761333
14,768438.856130316,6271794.61520199,0.436752751469612,237,1124.11252596063
14,768441.437942675,6271798.89705264,0.490218684077263,238,948.908104773654
14,768444.019755034,6271803.17890328,0.513068109750748,239,1167.33443643566
14,768446.601567393,6271807.46075393,0.498429015278816,240,1364.65581727837
14,768449.183379752,6271811.74260457,0.518828153610229,241,971.113724932502
14,768451.765192112,6271816.02445521,0.502492696046829,242,1183.49143853301
14,768454.347004471,6271820.30630586,0.460599631071091,243,1181.73810844981
14,768456.92881683,6271824.5881565,0.486016735434532,244,958.225687922724
14,768459.510629189,6271828.87000715,0.48912025988102,245,681.554546731914
14,768462.092441548,6271833.15185779,0.496085435152054,246,1302.48282440833
14,768464.674253908,6271837.43370844,0.50480417907238,247,706.580297154982
14,768467.256066267,6271841.71555908,0.482093244791031,248,1171.42054900284
14,768469.837878626,6271845.99740973,0.505469888448715,249,858.695116966162
14,768472.419690985,6271850.27926037,0.417778506875038,250,801.757012503775
14,768475.001503344,6271854.56111102,0.444315284490585,251,927.984740080202
14,768477.583315703,6271858.84296166,0.354612410068512,252,802.908045853429
15,768435.70186187,6271784.52801583,0.416461110115051,253,769.752348189054
15,768438.269426572,6271788.81842508,0.395177483558655,254,958.789150428905
15,768440.836991274,6271793.10883432,0.469046950340271,255,1083.75466916898
15,768443.404555976,6271797.39924357,0.500408947467804,256,1450.0439070319
15,768445.972120678,6271801.68965282,0.499459221959114,257,1167.67116105967
15,768448.53968538,6271805.98006206,0.485745415091515,258,1299.9351801568
15,768451.107250083,6271810.27047131,0.517576098442078,259,1135.94430681682
15,768453.674814785,6271814.56088055,0.465353175997734,260,1154.61499961339
15,768456.242379487,6271818.8512898,0.490395277738571,261,806.351352440727
15,768458.809944189,6271823.14169905,0.498720824718475,262,1205.11777783777
15,768461.377508891,6271827.43210829,0.503781527280807,263,1144.35221642111
15,768463.945073594,6271831.72251754,0.502496033906937,264,1461.69427405417
15,768466.512638296,6271836.01292679,0.497150182723999,265,1145.02058425526
15,768469.080202998,6271840.30333603,0.488909795880318,266,1119.60983436391
15,768471.6477677,6271844.59374528,0.498917281627655,267,1195.24735787288
15,768474.215332402,6271848.88415452,0.401543587446213,268,985.407192947453
15,768476.782897105,6271853.17456377,0.422894135117531,269,480.131763900923
15,768479.350461807,6271857.46497302,0.332953184843063,270,628.460616113
16,768438.335868777,6271783.07853379,0.468363076448441,271,857.557554133775
16,768440.872908498,6271787.38706364,0.465918838977814,272,913.874792628722
16,768443.409948218,6271791.69559349,0.520358145236969,273,1099.66172916309
16,768445.946987939,6271796.00412334,0.512520790100098,274,1007.63204701011
16,768448.48402766,6271800.31265319,0.521970063447952,275,797.084151766865
16,768451.02106738,6271804.62118304,0.477800115942955,276,1086.51100247176
16,768453.558107101,6271808.92971288,0.514811873435974,277,1216.38064618891
16,768456.095146821,6271813.23824273,0.494401857256889,278,1205.88229475635
16,768458.632186542,6271817.54677258,0.503718465566635,279,1314.37486286339
16,768461.169226262,6271821.85530243,0.473149955272675,280,964.50684987096
16,768463.706265983,6271826.16383228,0.512748718261719,281,1618.43214271514
16,768466.243305703,6271830.47236213,0.502421647310257,282,1099.57288857302
16,768468.780345424,6271834.78089198,0.50001534819603,283,783.108439784955
16,768471.317385144,6271839.08942182,0.486021846532822,284,968.26219794481
16,768473.854424865,6271843.39795167,0.491617351770401,285,1249.15314176523
16,768476.391464585,6271847.70648152,0.388554304838181,286,836.548451093972
16,768478.928504306,6271852.01501137,0.41894519329071,287,1237.04447086193
16,768481.465544026,6271856.32354122,0.252582386136055,288,687.05136112229
17,768440.114883343,6271781.8154624,0.429889440536499,289,995.035128293248
17,768442.685728067,6271786.10390704,0.475947365164757,290,1058.72218523413
17,768445.256572791,6271790.39235168,0.50194925069809,291,931.930835787851
17,768447.827417514,6271794.68079631,0.514204978942871,292,1305.9158586515
17,768450.398262238,6271798.96924095,0.522724866867065,293,1485.81934855629
17,768452.969106962,6271803.25768559,0.497059687972069,294,1091.21151805181
17,768455.539951685,6271807.54613023,0.511045634746552,295,1093.30691961428
17,768458.110796409,6271811.83457486,0.510068297386169,296,925.935898284354
17,768460.681641132,6271816.1230195,0.488461628556252,297,1026.9598308893
17,768463.252485856,6271820.41146414,0.470624893903732,298,756.997056602721
17,768465.82333058,6271824.69990877,0.512080430984497,299,1085.45776727404
17,768468.394175303,6271828.98835341,0.475412935018539,300,904.543747219975
17,768470.965020027,6271833.27679805,0.489904209971428,301,1125.20239039168
17,768473.535864751,6271837.56524269,0.458478346467018,302,1250.9607640548
17,768476.106709474,6271841.85368732,0.471713721752167,303,1129.78905297763
17,768478.677554198,6271846.14213196,0.46968312561512,304,1026.11816839833
17,768481.248398921,6271850.4305766,0.438973754644394,305,1279.4652629267
17,768483.819243645,6271854.71902123,0.22752882540226,306,443.214668686415
18,768444.879779675,6271784.70311861,0.440679475665092,307,1272.82365081656
18,768447.423786869,6271789.00753813,0.489073395729065,308,1419.69677924503
18,768449.967794062,6271793.31195765,0.510650306940079,309,1014.90454788376
18,768452.511801256,6271797.61637717,0.509698569774628,310,1066.83834041592
18,768455.055808449,6271801.92079669,0.508736610412598,311,1233.9514370109
18,768457.599815643,6271806.22521621,0.516895920038223,312,1194.35594798408
18,768460.143822836,6271810.52963573,0.512936890125275,313,1276.45079395305
18,768462.687830029,6271814.83405525,0.497205123305321,314,1017.75020135108
18,768465.231837223,6271819.13847477,0.489065811038017,315,941.263822273237
18,768467.775844416,6271823.44289429,0.495650753378868,316,1013.88392280293
18,768470.31985161,6271827.74731381,0.503317594528198,317,1066.61269577313
18,768472.863858803,6271832.05173333,0.496431052684784,318,910.317831924495
18,768475.407865996,6271836.35615285,0.469879150390625,319,1362.76734923841
18,768477.95187319,6271840.66057237,0.469770774245262,320,982.902248212998
18,768480.495880383,6271844.96499189,0.474838405847549,321,1076.95290374154
18,768483.039887577,6271849.26941141,0.459532484412193,322,728.930085925272
18,768485.58389477,6271853.57383092,0.246993966400623,323,501.958919150305
19,768444.551647246,6271779.63133009,0.409847036004066,324,1034.63802789868
19,768447.120572698,6271783.92092471,0.417452350258827,325,1030.88476843231
19,768449.689498151,6271788.21051934,0.49105741083622,326,1388.31506202683
19,768452.258423603,6271792.50011396,0.515912264585495,327,1324.49914601542
19,768454.827349056,6271796.78970858,0.502895355224609,328,1088.35367025481
19,768457.396274508,6271801.0793032,0.505946338176727,329,1085.65574821308
19,768459.965199961,6271805.36889782,0.520317584276199,330,1305.5075616994
19,768462.534125413,6271809.65849244,0.511730223894119,331,1061.17704982658
19,768465.103050865,6271813.94808707,0.503446698188782,332,1005.80491409621
19,768467.671976318,6271818.23768169,0.489065811038017,333,1505.73695853146
19,768470.24090177,6271822.52727631,0.508151173591614,334,596.799320912819
19,768472.809827223,6271826.81687093,0.526342272758484,335,1373.08313183072
19,768475.378752675,6271831.10646555,0.495673641562462,336,1241.90926554116
19,768477.947678128,6271835.39606018,0.471828609704971,337,1705.25224303524
19,768480.51660358,6271839.6856548,0.478031441569328,338,790.532568457696
19,768483.085529033,6271843.97524942,0.47403173148632,339,1247.05443092756
19,768485.654454485,6271848.26484404,0.422202378511429,340,915.828630945328
19,768488.223379938,6271852.55443866,0.266459107398987,341,511.20688652832
20,768449.156558413,6271782.36433211,0.418337613344193,342,913.083584874213
20,768451.730739805,6271786.6507747,0.477045714855194,343,983.813968084404
20,768454.304921197,6271790.9372173,0.521482348442078,344,1549.15737827944
20,768456.879102589,6271795.2236599,0.511110454797745,345,975.771417537213
20,768459.453283982,6271799.5101025,0.509489953517914,346,789.538880828517
20,768462.027465374,6271803.7965451,0.510684579610825,347,1367.70687001372
20,768464.601646766,6271808.0829877,0.506526857614517,348,1192.05997959261
20,768467.175828158,6271812.3694303,0.504047214984894,349,1203.3081489613
20,768469.750009551,6271816.6558729,0.486496359109879,350,1460.20308101186
20,768472.324190943,6271820.9423155,0.517711907625198,351,1299.23393521009
20,768474.898372335,6271825.2287581,0.473121955990791,352,1099.81918357452
20,768477.472553727,6271829.5152007,0.492355942726135,353,1222.45013412568
20,768480.04673512,6271833.8016433,0.476861461997032,354,910.930499003067
20,768482.620916512,6271838.0880859,0.468297734856606,355,797.629234671446
20,768485.195097904,6271842.3745285,0.496008694171906,356,1004.59413394024
20,768487.769279296,6271846.6609711,0.460481822490692,357,1279.7442149406
20,768490.343460689,6271850.9474137,0.330755323171616,358,1095.23164555159
21,768451.221632595,6271781.36860951,0.432586282491684,359,1016.85214508042
21,768453.798861695,6271785.65322036,0.497984424233437,360,832.825910683283
21,768456.376090795,6271789.93783122,0.53949648141861,361,1226.50081375487
21,768458.953319895,6271794.22244207,0.521706819534302,362,1222.23234887981
21,768461.530548996,6271798.50705292,0.52095353603363,363,1120.65651057739
21,768464.107778096,6271802.79166378,0.520711362361908,364,1020.26691503125
21,768466.685007196,6271807.07627463,0.52541646361351,365,1292.21283710331
21,768469.262236296,6271811.36088548,0.516676962375641,366,1238.46904780679
21,768471.839465396,6271815.64549634,0.493255659937859,367,1299.0637619113
21,768474.416694496,6271819.93010719,0.521978735923767,368,939.724739933891
21,768476.993923596,6271824.21471804,0.490674644708633,369,668.223041159681
21,768479.571152696,6271828.4993289,0.464743033051491,370,936.680573359111
21,768482.148381797,6271832.78393975,0.481429874897003,371,998.507046058244
21,768484.725610897,6271837.0685506,0.461650028824806,372,1138.21474211569
21,768487.302839997,6271841.35316146,0.506319463253021,373,1219.13118462562
21,768489.880069097,6271845.63777231,0.475194618105888,374,1244.26912687487
21,768492.457298197,6271849.92238316,0.369949862360954,375,1013.04949147324
22,768453.626457938,6271779.5911135,0.460970684885979,376,1042.09470673474
22,768456.185890623,6271783.88637884,0.490628868341446,377,958.292909034371
22,768458.745323308,6271788.18164418,0.5091512799263,378,1159.939223985
22,768461.304755993,6271792.47690952,0.53813898563385,379,1193.99469005637
22,768463.864188678,6271796.77217486,0.506438940763474,380,702.336694923229
22,768466.423621363,6271801.0674402,0.510270416736603,381,1296.86104229293
22,768468.983054047,6271805.36270554,0.522710740566254,382,1119.33535796139
22,768471.542486732,6271809.65797088,0.54578024148941,383,1350.46708800128
22,768474.101919417,6271813.95323622,0.538410127162933,384,1278.106363055
22,768476.661352102,6271818.24850156,0.515497118234634,385,867.729747905896
22,768479.220784787,6271822.54376689,0.505900532007217,386,1068.24032916278
22,768481.780217471,6271826.83903223,0.446287781000137,387,1009.40205810291
22,768484.339650156,6271831.13429757,0.493901550769806,388,1067.25283399912
22,768486.899082841,6271835.42956291,0.473276242613792,389,1344.60639530573
22,768489.458515526,6271839.72482825,0.496895164251328,390,1002.64880578992
22,768492.017948211,6271844.02009359,0.464964777231216,391,1113.68975774836
22,768494.577380895,6271848.31535893,0.371212899684906,392,571.346938103152
23,768455.395030081,6271778.23888099,0.490629181265831,393,1207.69453539109
23,768457.969053493,6271782.52541846,0.490206271409988,394,769.782786388768
23,768460.543076904,6271786.81195593,0.532024890184402,395,1239.04046087719
23,768463.117100316,6271791.0984934,0.550888001918793,396,1099.61539920797
23,768465.691123727,6271795.38503087,0.49337375164032,397,853.230195697678
23,768468.265147138,6271799.67156834,0.497106119990349,398,1140.5365911593
23,768470.83917055,6271803.9581058,0.475295215845108,399,1193.70673088737
23,768473.413193961,6271808.24464327,0.521268427371979,400,1143.89407782937
23,768475.987217372,6271812.53118074,0.540802627801895,401,1456.50060951099
23,768478.561240784,6271816.81771821,0.496525317430496,402,848.778832984171
23,768481.135264195,6271821.10425568,0.487893998622894,403,1171.33379732361
23,768483.709287606,6271825.39079315,0.491566509008408,404,917.143947094631
23,768486.283311018,6271829.67733062,0.484910443425179,405,932.932502712535
23,768488.857334429,6271833.96386809,0.488953053951263,406,1362.24139956043
23,768491.43135784,6271838.25040556,0.502961069345474,407,903.74407806548
23,768494.005381252,6271842.53694303,0.435776263475418,408,936.03342383473
23,768496.579404663,6271846.8234805,0.332232370972633,409,536.428191761054
24,768457.645248231,6271777.08770977,0.5001060962677,410,1236.29451626925
24,768460.218126755,6271781.37493452,0.494822800159454,411,1117.97100926822
24,768462.791005279,6271785.66215928,0.528381049633026,412,1086.19685515714
24,768465.363883802,6271789.94938403,0.521400332450867,413,1058.33100101105
24,768467.936762326,6271794.23660879,0.501234263181686,414,995.604258017831
24,768470.50964085,6271798.52383354,0.517135351896286,415,1238.91855957674
24,768473.082519374,6271802.8110583,0.477865368127823,416,1061.68191315339
24,768475.655397897,6271807.09828306,0.459106087684631,417,737.120494401684
24,768478.228276421,6271811.38550781,0.523216545581818,418,1141.63645250963
24,768480.801154945,6271815.67273257,0.50127312541008,419,983.918657118112
24,768483.374033469,6271819.95995732,0.475152313709259,420,1261.27743692851
24,768485.946911993,6271824.24718208,0.488874197006226,421,941.533537502961
24,768488.519790516,6271828.53440683,0.45393417775631,422,1097.88174439125
24,768491.09266904,6271832.82163159,0.488953053951263,423,917.64735588645
24,768493.665547564,6271837.10885634,0.485941454768181,424,943.516035060008
24,768496.238426088,6271841.3960811,0.402778178453445,425,878.911175727249
24,768498.811304612,6271845.68330585,0.296606987714767,426,520.264177861143
25,768459.945583781,6271775.86219612,0.4803356975317,427,956.583413913324
25,768462.521563888,6271780.14755801,0.511542797088623,428,1328.0606661023
25,768465.097543995,6271784.43291989,0.503236651420593,429,1539.49265963799
25,768467.673524101,6271788.71828178,0.506571024656296,430,933.206704692258
25,768470.249504208,6271793.00364366,0.515164971351624,431,1162.29783263644
25,768472.825484315,6271797.28900555,0.510095149278641,432,1052.39394442814
25,768475.401464421,6271801.57436744,0.503884792327881,433,800.026871670358
25,768477.977444528,6271805.85972932,0.491202026605606,434,1122.60236313186
25,768480.553424635,6271810.14509121,0.489857524633408,435,1529.25286960358
25,768483.129404741,6271814.43045309,0.484564960002899,436,1189.31158156322
25,768485.705384848,6271818.71581498,0.481759592890739,437,1064.74639617304
25,768488.281364955,6271823.00117686,0.473834037780762,438,453.288746871841
25,768490.857345061,6271827.28653875,0.468219459056854,439,1237.52819861766
25,768493.433325168,6271831.57190064,0.475458309054375,440,978.140968821462
25,768496.009305275,6271835.85726252,0.484779477119446,441,957.112033619181
25,768498.585285381,6271840.14262441,0.415623858571053,442,771.821030702883
25,768501.161265488,6271844.42798629,0.265978246927261,443,543.620835090408
26,768461.920943014,6271774.70644651,0.446815401315689,444,818.610030000803
26,768464.483676172,6271778.99974347,0.5122030377388,445,1137.57479350135
26,768467.046409331,6271783.29304042,0.486542612314224,446,1484.23779614038
26,768469.609142489,6271787.58633738,0.515133738517761,447,1290.71520958438
26,768472.171875647,6271791.87963434,0.502495378255844,448,1342.15725246181
26,768474.734608806,6271796.17293129,0.504945158958435,449,1105.84611853945
26,768477.297341964,6271800.46622825,0.51505583524704,450,1251.76422614039
26,768479.860075122,6271804.75952521,0.509246349334717,451,1232.15587528822
26,768482.42280828,6271809.05282216,0.515303105115891,452,1242.99985036767
26,768484.985541438,6271813.34611912,0.483241870999336,453,879.239713196603
26,768487.548274597,6271817.63941608,0.473164767026901,454,900.537777159629
26,768490.111007755,6271821.93271303,0.462561845779419,455,918.248239049142
26,768492.673740913,6271826.22600999,0.492614313960075,456,1223.70379178401
26,768495.236474072,6271830.51930695,0.471832633018494,457,382.067380616213
26,768497.79920723,6271834.8126039,0.495106726884842,458,1416.43286238902
26,768500.361940388,6271839.10590086,0.437078177928925,459,961.098031599461
26,768502.924673546,6271843.39919782,0.292527854442596,460,325.540184628027
27,768464.202068245,6271773.6079165,0.47368323802948,461,940.595750304201
27,768466.769025667,6271777.89868911,0.493580937385559,462,1163.64608783301
27,768469.335983088,6271782.18946172,0.493346616625786,463,1126.23369810243
27,768471.902940509,6271786.48023433,0.512067586183548,464,1199.14080927377
27,768474.469897931,6271790.77100694,0.470565542578697,465,1178.73132331755
27,768477.036855352,6271795.06177955,0.514423966407776,466,1620.97661061014
27,768479.603812773,6271799.35255216,0.525433778762817,467,963.113020612978
27,768482.170770195,6271803.64332477,0.508506059646606,468,1445.88459014309
27,768484.737727616,6271807.93409739,0.523397862911224,469,1171.16065161353
27,768487.304685038,6271812.22487,0.498292520642281,470,1156.24853767922
27,768489.871642459,6271816.51564261,0.476976230740547,471,732.549469220335
27,768492.43859988,6271820.80641522,0.476958990097046,472,1021.99097187668
27,768495.005557302,6271825.09718783,0.471612364053726,473,1224.08458730368
27,768497.572514723,6271829.38796044,0.526672273874283,474,1101.59345403991
27,768500.139472145,6271833.67873305,0.492252454161644,475,1273.38878588359
27,768502.706429566,6271837.96950566,0.415644764900208,476,794.248735704861
27,768505.273386987,6271842.26027827,0.273220628499985,477,417.222256735566
28,768466.567892055,6271772.15649315,0.474920779466629,478,1363.06330075143
28,768469.126635575,6271776.45216907,0.500927954912186,479,1737.52909396992
28,768471.685379095,6271780.74784499,0.534779131412506,480,1285.02659818832
28,768474.244122616,6271785.04352091,0.508836388587952,481,1349.66349324523
28,768476.802866136,6271789.33919683,0.478257983922958,482,704.579345177917
28,768479.361609657,6271793.63487275,0.529497802257538,483,1225.93483395591
28,768481.920353177,6271797.93054867,0.52741265296936,484,1474.73429138879
28,768484.479096698,6271802.22622458,0.515838384628296,485,1175.11187368744
28,768487.037840218,6271806.5219005,0.522408306598663,486,1422.8845382022
28,768489.596583738,6271810.81757642,0.503680408000946,487,1241.89459279324
28,768492.155327259,6271815.11325234,0.512343883514404,488,851.181201722871
28,768494.714070779,6271819.40892826,0.509589701890945,489,1342.7458846798
28,768497.2728143,6271823.70460418,0.477193385362625,490,720.697614136793
28,768499.83155782,6271828.00028009,0.493913218379021,491,1511.28253239325
28,768502.39030134,6271832.29595601,0.479660853743553,492,1078.385889749
28,768504.949044861,6271836.59163193,0.365875735878944,493,973.872681730162
28,768507.507788381,6271840.88730785,0.324994087219238,494,568.378273373675
29,768468.723766234,6271771.39155092,0.486388817429543,495,749.249664055611
29,768471.309085642,6271775.67128497,0.50555008649826,496,795.814438097051
29,768473.894405051,6271779.95101902,0.539933264255524,497,1169.04785957991
29,768476.47972446,6271784.23075307,0.503188818693161,498,921.795665437972
29,768479.065043869,6271788.51048712,0.498858869075775,499,1154.42396452132
29,768481.650363278,6271792.79022118,0.504447489976883,500,1286.99365889805
29,768484.235682687,6271797.06995523,0.538883566856384,501,1006.91854288486
29,768486.821002096,6271801.34968928,0.534918636083603,502,1264.76516898356
29,768489.406321505,6271805.62942333,0.538427650928497,503,1574.78787989064
29,768491.991640913,6271809.90915738,0.501508578658104,504,912.768276594677
29,768494.576960322,6271814.18889143,0.518830835819244,505,1031.31738935061
29,768497.162279731,6271818.46862549,0.477953791618347,506,909.29147017513
29,768499.74759914,6271822.74835954,0.488620713353157,507,1222.9270061412
29,768502.332918549,6271827.02809359,0.499468430876732,508,932.322569784631
29,768504.918237958,6271831.30782764,0.484533399343491,509,948.129634260041
29,768507.503557366,6271835.58756169,0.420751467347145,510,707.972685478438
29,768510.088876775,6271839.86729574,0.277007266879082,511,767.594280639366
30,768470.376054183,6271769.36122762,0.479732871055603,512,1297.21306517557
30,768472.954341973,6271773.64520149,0.514660716056824,513,1455.34261207383
30,768475.532629764,6271777.92917535,0.526220977306366,514,1141.57701420406
30,768478.110917554,6271782.21314922,0.514053493738174,515,1144.59980687388
30,768480.689205345,6271786.49712308,0.503334179520607,516,1063.57929095475
30,768483.267493135,6271790.78109694,0.517842411994934,517,1507.61144015928
30,768485.845780926,6271795.06507081,0.529738932847977,518,701.045093685006
30,768488.424068716,6271799.34904467,0.509386301040649,519,1163.75727177088
30,768491.002356507,6271803.63301854,0.503516316413879,520,1071.1457828495
30,768493.580644297,6271807.9169924,0.527024269104004,521,883.646981545741
30,768496.158932088,6271812.20096627,0.524258702993393,522,1294.22072730101
30,768498.737219878,6271816.48494013,0.492997378110886,523,1108.45375380012
30,768501.315507669,6271820.76891399,0.512723028659821,524,1197.64060716143
30,768503.893795459,6271825.05288786,0.514948666095734,525,1176.99883148002
30,768506.47208325,6271829.33686172,0.497231662273407,526,1302.31243265562
30,768509.05037104,6271833.62083559,0.447740465402603,527,1248.88536103618
30,768511.628658831,6271837.90480945,0.337333291769028,528,593.496176750137
31,768472.796828786,6271768.38372138,0.425962895154953,529,759.62131138794
31,768475.355777338,6271772.67927516,0.503300249576569,530,957.951997232506
31,768477.914725891,6271776.97482895,0.517589151859283,531,982.246290922189
31,768480.473674443,6271781.27038273,0.514405012130737,532,1255.41782852074
31,768483.032622996,6271785.56593651,0.509553015232086,533,1165.58399591014
31,768485.591571548,6271789.8614903,0.532388716936111,534,1513.77305351296
31,768488.150520101,6271794.15704408,0.52331069111824,535,938.636017887012
31,768490.709468654,6271798.45259786,0.50679749250412,536,975.927650982218
31,768493.268417206,6271802.74815165,0.460614413022995,537,879.785280281602
31,768495.827365759,6271807.04370543,0.506116151809692,538,1377.62635529523
31,768498.386314311,6271811.33925921,0.523908197879791,539,1485.1525272273
31,768500.945262864,6271815.634813,0.503091484308243,540,963.524142797385
31,768503.504211416,6271819.93036678,0.512723028659821,541,1225.68144456011
31,768506.063159969,6271824.22592056,0.52335786819458,542,1020.77784688371
31,768508.622108521,6271828.52147435,0.49626424908638,543,854.151159105998
31,768511.181057074,6271832.81702813,0.426377609372139,544,836.628221599421
31,768513.740005626,6271837.11258191,0.206648364663124,545,759.086744488713
32,768475.122881991,6271767.37396572,0.429851889610291,546,830.13070736004
32,768477.683168994,6271771.66872188,0.449131786823273,547,796.30830432389
32,768480.243455998,6271775.96347804,0.477857708930969,548,991.219158917314
32,768482.803743001,6271780.2582342,0.527857303619385,549,1389.99495876189
32,768485.364030005,6271784.55299036,0.494042366743088,550,714.453658252085
32,768487.924317008,6271788.84774652,0.528555572032928,551,1040.04798729707
32,768490.484604012,6271793.14250267,0.498097404837608,552,1205.21159897232
32,768493.044891015,6271797.43725883,0.511395841836929,553,1288.32114506446
32,768495.605178019,6271801.73201499,0.508469939231873,554,897.776986364256
32,768498.165465022,6271806.02677115,0.491280108690262,555,979.218423063559
32,768500.725752026,6271810.32152731,0.501139745116234,556,1028.02831428951
32,768503.286039029,6271814.61628347,0.503803312778473,557,974.409025972532
32,768505.846326033,6271818.91103962,0.504428386688232,558,843.05682099482
32,768508.406613036,6271823.20579578,0.509254097938538,559,965.301873778822
32,768510.96690004,6271827.50055194,0.48703770339489,560,1282.28954876766
32,768513.527187043,6271831.7953081,0.404987648129463,561,783.551014373314
32,768516.087474047,6271836.09006426,0.22016516327858,562,115.591186572514
33,768479.575049918,6271769.63826373,0.457670539617538,563,843.400265083348
33,768482.127438687,6271773.93771853,0.513333439826965,564,845.469412745629
33,768484.679827456,6271778.23717333,0.526227414608002,565,1681.60377761634
33,768487.232216224,6271782.53662813,0.501346990466118,566,1092.57430359516
33,768489.784604993,6271786.83608293,0.56162765622139,567,1539.83597722213
33,768492.336993762,6271791.13553773,0.528412222862244,568,883.176339434671
33,768494.88938253,6271795.43499253,0.501915216445923,569,1399.12895905424
33,768497.441771299,6271799.73444733,0.513415426015854,570,1149.62503177793
33,768499.994160067,6271804.03390213,0.496640846133232,571,877.032905874353
33,768502.546548836,6271808.33335693,0.497894257307053,572,881.197740758774
33,768505.098937605,6271812.63281173,0.504595667123795,573,1227.89562477184
33,768507.651326373,6271816.93226653,0.498012095689774,574,1302.93968012831
33,768510.203715142,6271821.23172133,0.449602752923965,575,943.403636874393
33,768512.756103911,6271825.53117613,0.471899926662445,576,1346.38021495575
33,768515.308492679,6271829.83063093,0.426903828978539,577,610.069721593481
33,768517.860881448,6271834.13008573,0.291465029120445,578,797.03617029054
34,768481.510646823,6271767.95456464,0.483183741569519,579,1007.91846843536
34,768484.067631293,6271772.25128786,0.466942772269249,580,1191.45179652654
34,768486.624615763,6271776.54801108,0.519814729690552,581,989.474771465775
34,768489.181600233,6271780.8447343,0.514172792434692,582,1058.82989932602
34,768491.738584703,6271785.14145752,0.542202711105347,583,1234.76843883668
34,768494.295569173,6271789.43818074,0.535962849855423,584,1342.10210001697
34,768496.852553642,6271793.73490396,0.506894141435623,585,1399.05311225982
34,768499.409538112,6271798.03162718,0.484303951263428,586,891.745702941533
34,768501.966522582,6271802.3283504,0.481297314167023,587,895.091790596033
34,768504.523507052,6271806.62507362,0.479561820626259,588,1345.84877191385
34,768507.080491522,6271810.92179684,0.490860193967819,589,1139.81796166193
34,768509.637475992,6271815.21852005,0.484526947140694,590,1086.50203181348
34,768512.194460462,6271819.51524327,0.454866304993629,591,696.726106665259
34,768514.751444931,6271823.81196649,0.493521854281425,592,1004.73796970472
34,768517.308429401,6271828.10868971,0.445929437875748,593,827.922901305325
34,768519.865413871,6271832.40541293,0.297125950455666,594,573.422362675379
35,768486.410187509,6271771.30263193,0.452187895774841,595,1379.03955056906
35,768488.975866713,6271775.59416897,0.505150496959686,596,894.349153363062
35,768491.541545916,6271779.88570602,0.507436454296112,597,1332.08211143046
35,768494.10722512,6271784.17724307,0.482859283685684,598,1072.37675609585
35,768496.672904324,6271788.46878011,0.478187590837479,599,1055.90002756682
35,768499.238583528,6271792.76031716,0.504027873277664,600,1515.50467452029
35,768501.804262732,6271797.05185421,0.47348964214325,601,820.143184557147
35,768504.369941936,6271801.34339125,0.493247300386429,602,989.231981927104
35,768506.93562114,6271805.6349283,0.495907574892044,603,1298.8823031567
35,768509.501300344,6271809.92646535,0.490538746118546,604,997.038130388406
35,768512.066979548,6271814.21800239,0.496942698955536,605,515.078925519895
35,768514.632658752,6271818.50953944,0.48416043817997,606,751.108390798558
35,768517.198337956,6271822.80107649,0.49970144033432,607,932.520029184575
35,768519.764017159,6271827.09261353,0.450902134180069,608,844.201531004615
35,768522.329696363,6271831.38415058,0.261854633688927,609,464.78911227555
36,768488.676170634,6271769.9107998,0.466782480478287,610,712.224335160325
36,768491.239594536,6271774.20368437,0.513316661119461,611,1170.4502005061
36,768493.803018439,6271778.49656893,0.50952684879303,612,576.960536544099
36,768496.366442342,6271782.7894535,0.519741922616959,613,1048.73116597838
36,768498.929866244,6271787.08233807,0.497412770986557,614,1134.66648653231
36,768501.493290147,6271791.37522263,0.507520020008087,615,1125.07933835742
36,768504.05671405,6271795.6681072,0.4925297498703,616,1238.14516523516
36,768506.620137952,6271799.96099176,0.515187352895737,617,934.257452024859
36,768509.183561855,6271804.25387633,0.517984390258789,618,771.556169477526
36,768511.746985757,6271808.5467609,0.504037976264954,619,1420.87014776406
36,768514.31040966,6271812.83964546,0.512938171625137,620,1065.71836008384
36,768516.873833563,6271817.13253003,0.479793578386307,621,1032.61388193091
36,768519.437257465,6271821.42541459,0.505116492509842,622,1265.09556132615
36,768522.000681368,6271825.71829916,0.456887558102608,623,1386.02680409743
36,768524.56410527,6271830.01118372,0.284132942557335,624,465.803085725984
37,768490.85459289,6271768.77658367,0.46258969604969,625,1303.08427670381
37,768493.405060819,6271773.0771782,0.506861329078674,626,1019.59622363099
37,768495.955528748,6271777.37777274,0.520113229751587,627,1188.3342534425
37,768498.505996678,6271781.67836727,0.52831894159317,628,990.396021070155
37,768501.056464607,6271785.9789618,0.508094012737274,629,946.763304295989
37,768503.606932537,6271790.27955634,0.501985549926758,630,833.457716457365
37,768506.157400466,6271794.58015087,0.519989371299744,631,994.952021361176
37,768508.707868396,6271798.88074541,0.49044594168663,632,1116.47875702515
37,768511.258336325,6271803.18133994,0.477660059928894,633,1188.01679102287
37,768513.808804255,6271807.48193447,0.498941525816917,634,704.777223154743
37,768516.359272184,6271811.78252901,0.530835539102554,635,1213.20822799795
37,768518.909740114,6271816.08312354,0.489781051874161,636,905.352293073867
37,768521.460208043,6271820.38371807,0.498166710138321,637,1111.21519213254
37,768524.010675973,6271824.68431261,0.461722850799561,638,815.601972266923
37,768526.561143902,6271828.98490714,0.23448621481657,639,419.467524319495
38,768492.799271949,6271767.50525038,0.442599952220917,640,860.688336717466
38,768495.362091321,6271771.79849587,0.480516508221626,641,1460.94504543787
38,768497.924910693,6271776.09174136,0.499863833189011,642,891.21032346678
38,768500.487730065,6271780.38498686,0.532526165246964,643,1144.94806442075
38,768503.050549437,6271784.67823235,0.512090861797333,644,1029.00238561903
38,768505.613368809,6271788.97147784,0.50753253698349,645,825.910317380768
38,768508.176188181,6271793.26472334,0.538203954696655,646,1344.353937973
38,768510.739007553,6271797.55796883,0.495354861021042,647,1237.62370767373
38,768513.301826924,6271801.85121433,0.542984306812286,648,1164.12335185299
38,768515.864646296,6271806.14445982,0.500175341963768,649,1118.26557005268
38,768518.427465668,6271810.43770531,0.508821532130241,650,1008.18125876031
38,768520.99028504,6271814.73095081,0.518477350473404,651,1242.38899249805
38,768523.553104412,6271819.0241963,0.499590933322906,652,1367.37705886145
38,768526.115923784,6271823.31744179,0.456071943044662,653,1105.00182714084
38,768528.678743156,6271827.61068729,0.328564703464508,654,841.389019808488
39,768497.384926141,6271770.52552212,0.475599646568298,655,1186.56421870294
39,768499.94595354,6271774.81983681,0.502870500087738,656,1078.34915559532
39,768502.506980939,6271779.1141515,0.538030594587326,657,1087.31888627581
39,768505.068008338,6271783.40846619,0.53725391626358,658,1083.75956123916
39,768507.629035737,6271787.70278088,0.515437841415405,659,913.079579568383
39,768510.190063136,6271791.99709557,0.497375026345253,660,1321.63819857049
39,768512.751090535,6271796.29141026,0.494997382164001,661,1111.10910213972
39,768515.312117934,6271800.58572495,0.509179204702377,662,819.325132440838
39,768517.873145333,6271804.88003964,0.508771926164627,663,973.313261176323
39,768520.434172732,6271809.17435433,0.481033757328987,664,831.561474996391
39,768522.995200131,6271813.46866902,0.54791733622551,665,1183.06915652108
39,768525.55622753,6271817.76298371,0.520665436983109,666,1355.1230564164
39,768528.117254929,6271822.0572984,0.437052756547928,667,939.369834044909
39,768530.678282328,6271826.3516131,0.34888944029808,668,770.155825733931
40,768499.986998224,6271769.49301389,0.474930256605148,669,664.305204249105
40,768502.546412236,6271773.78829036,0.528752535581589,670,1285.77222278707
40,768505.105826247,6271778.08356682,0.502158641815186,671,772.690664778249
40,768507.665240259,6271782.37884329,0.528248012065887,672,771.484659841067
40,768510.224654271,6271786.67411975,0.4948990046978,673,1293.7232595121
40,768512.784068282,6271790.96939622,0.503500744700432,674,1074.9667529383
40,768515.343482294,6271795.26467268,0.501061975955963,675,1159.73078676427
40,768517.902896306,6271799.55994915,0.494199231266975,676,873.1428595592
40,768520.462310317,6271803.85522562,0.507372051477432,677,1040.71295368638
40,768523.021724329,6271808.15050208,0.52171117067337,678,1180.36320185048
40,768525.581138341,6271812.44577855,0.512160062789917,679,861.435648838844
40,768528.140552352,6271816.74105501,0.508568912744522,680,1429.42851199172
40,768530.699966364,6271821.03633148,0.430282682180405,681,676.874679869445
40,768533.259380376,6271825.33160794,0.270809397101402,682,381.294930638312
41,768504.530215371,6271772.4940339,0.529032707214355,683,911.809529714774
41,768507.100779282,6271776.78264687,0.454003691673279,684,904.258821511719
41,768509.671343193,6271781.07125983,0.493668854236603,685,1093.17113619354
41,768512.241907103,6271785.3598728,0.487677127122879,686,687.261643331492
41,768514.812471014,6271789.64848577,0.491871565580368,687,1255.51306133256
41,768517.383034924,6271793.93709873,0.506838023662567,688,1231.0560458252
41,768519.953598835,6271798.2257117,0.477509111166,689,940.406258129735
41,768522.524162745,6271802.51432467,0.486255720257759,690,1152.16005127596
41,768525.094726656,6271806.80293764,0.497894436120987,691,1329.06271984172
41,768527.665290567,6271811.0915506,0.509702414274216,692,1298.53713674433
41,768530.235854477,6271815.38016357,0.472052603960037,693,1214.51861594652
41,768532.806418388,6271819.66877654,0.431609749794006,694,1019.05624199606
41,768535.376982298,6271823.9573895,0.273107975721359,695,1176.22720850503
42,768506.767998981,6271771.43988251,0.520563840866089,696,1169.86612284072
42,768509.318396974,6271775.74051851,0.450226113200188,697,1277.48795922149
42,768511.868794968,6271780.04115452,0.493668854236603,698,1107.48577335664
42,768514.419192962,6271784.34179053,0.482848539948463,699,1004.26432146999
42,768516.969590956,6271788.64242654,0.487343356013298,700,1163.05627322134
42,768519.51998895,6271792.94306255,0.48669159412384,701,977.549090733605
42,768522.070386943,6271797.24369856,0.503668457269669,702,1625.93709382591
42,768524.620784937,6271801.54433456,0.491986840963364,703,860.917113189061
42,768527.171182931,6271805.84497057,0.486184298992157,704,884.84043939689
42,768529.721580925,6271810.14560658,0.516767710447311,705,1044.51037334907
42,768532.271978918,6271814.44624259,0.464349985122681,706,817.354874780553
42,768534.822376912,6271818.7468786,0.43562176823616,707,779.34335755698
42,768537.372774906,6271823.0475146,0.236480519175529,708,559.988691298863
43,768511.458004185,6271774.42390738,0.473521322011948,709,1099.87450806117
43,768514.017021078,6271778.71942045,0.484566643834114,710,1013.48383051526
43,768516.57603797,6271783.01493352,0.478372424840927,711,1047.52580962258
43,768519.135054863,6271787.3104466,0.483691960573196,712,984.999010474028
43,768521.694071755,6271791.60595967,0.484515607357025,713,793.510118164634
43,768524.253088648,6271795.90147274,0.478822201490402,714,804.632793647447
43,768526.81210554,6271800.19698581,0.456984609365463,715,1257.49801972027
43,768529.371122433,6271804.49249888,0.483125999569893,716,1129.58973331106
43,768531.930139325,6271808.78801195,0.509687393903732,717,832.274857529617
43,768534.489156218,6271813.08352502,0.506371438503265,718,866.791614116018
43,768537.04817311,6271817.37903809,0.440153911709785,719,968.070979379121
43,768539.607190003,6271821.67455116,0.241373613476753,720,649.600330330427
44,768513.666072315,6271773.06665095,0.497875675559044,721,1250.82452185799
44,768516.227484474,6271777.36073615,0.421106114983559,722,1140.55220981247
44,768518.788896633,6271781.65482136,0.45956027507782,723,1187.55893420827
44,768521.350308792,6271785.94890657,0.445290476083755,724,1456.87871294782
44,768523.911720951,6271790.24299177,0.473119080066681,725,967.509193798084
44,768526.473133111,6271794.53707698,0.464331775903702,726,997.297764710034
44,768529.03454527,6271798.83116218,0.454955205321312,727,962.215146286076
44,768531.595957429,6271803.12524739,0.4911839812994,728,723.547669722994
44,768534.157369588,6271807.41933259,0.501461073756218,729,924.804919241867
44,768536.718781747,6271811.7134178,0.471213325858116,730,1538.08124880358
44,768539.280193906,6271816.007503,0.392537087202072,731,786.244840392716
44,768541.841606066,6271820.30158821,0.195169240236282,732,261.959499258754
45,768515.983820777,6271771.45796182,0.54993724822998,733,1453.57726537448
45,768518.527151736,6271775.76278094,0.446768581867218,734,953.500192020166
45,768521.070482695,6271780.06760006,0.47098496556282,735,1018.04143651881
45,768523.613813653,6271784.37241917,0.44799280166626,736,808.69410554538
45,768526.157144612,6271788.67723829,0.455386936664581,737,911.701618904954
45,768528.700475571,6271792.98205741,0.489141851663589,738,1397.33576000265
45,768531.24380653,6271797.28687653,0.493234798312187,739,1047.7609083035
45,768533.787137489,6271801.59169564,0.507824122905731,740,989.494273725509
45,768536.330468448,6271805.89651476,0.507392644882202,741,885.783632261387
45,768538.873799407,6271810.20133388,0.49994121491909,742,837.40840168477
45,768541.417130366,6271814.506153,0.452675133943558,743,1510.07708935916
45,768543.960461325,6271818.81097211,0.211116313934326,744,422.771627352019
46,768518.091124702,6271770.66813747,0.54993724822998,745,911.069198185152
46,768520.634824141,6271774.97273886,0.459341436624527,746,935.387805985802
46,768523.178523581,6271779.27734026,0.454645469784737,747,1413.06830173414
46,768525.72222302,6271783.58194165,0.467402383685112,748,895.947607088431
46,768528.265922459,6271787.88654305,0.469005078077316,749,942.09158163519
46,768530.809621899,6271792.19114444,0.48470613360405,750,893.1525249171
46,768533.353321338,6271796.49574583,0.479970574378967,751,1254.67710569125
46,768535.897020778,6271800.80034723,0.494636684656143,752,1069.77758082127
46,768538.440720217,6271805.10494862,0.489022642374039,753,882.780173579452
46,768540.984419657,6271809.40955002,0.504842787981033,754,938.893883755413
46,768543.528119096,6271813.71415141,0.441161572933197,755,765.778550937734
46,768546.071818535,6271818.0187528,0.168074771761894,756,598.968554904355
47,768522.379011845,6271772.98499922,0.523234188556671,757,1222.39256563841
47,768524.937440829,6271777.28086248,0.457314491271973,758,1215.3488474042
47,768527.495869814,6271781.57672574,0.452383577823639,759,1061.97656010298
47,768530.054298798,6271785.872589,0.500017270445824,760,1176.38982666817
47,768532.612727783,6271790.16845225,0.450894251465797,761,772.777477900467
47,768535.171156767,6271794.46431551,0.448089241981506,762,1261.77839269699
47,768537.729585752,6271798.76017877,0.480837792158127,763,758.576999427135
47,768540.288014736,6271803.05604203,0.478922069072723,764,1063.15361644657
47,768542.846443721,6271807.35190529,0.466130524873734,765,930.877792051926
47,768545.404872705,6271811.64776854,0.414038121700287,766,1553.90028838898
47,768547.963301689,6271815.9436318,0.272967293858528,767,671.207922237382
48,768524.895782599,6271771.97778206,0.507631152868271,768,794.293432482456
48,768527.437157694,6271776.28375612,0.470736980438232,769,787.284536419504
48,768529.97853279,6271780.58973018,0.430935770273209,770,1034.51853248506
48,768532.519907886,6271784.89570425,0.470259204506874,771,631.465479916156
48,768535.061282981,6271789.20167831,0.470682635903358,772,1117.90908046623
48,768537.602658077,6271793.50765237,0.457378178834915,773,1026.09601752018
48,768540.144033173,6271797.81362643,0.460320681333542,774,1226.47729253323
48,768542.685408268,6271802.11960049,0.481927171349525,775,1012.02801504944
48,768545.226783364,6271806.42557456,0.412594974040985,776,1106.06682820591
48,768547.76815846,6271810.73154862,0.399498403072357,777,610.07380065648
48,768550.309533555,6271815.03752268,0.281074672937393,778,436.212632801981
49,768529.643595631,6271775.08858288,0.500859439373016,779,1281.09420033327
49,768532.174823082,6271779.40052996,0.433377474546432,780,930.277576652614
49,768534.706050532,6271783.71247703,0.468831017613411,781,690.495589803743
49,768537.237277983,6271788.02442411,0.48901504278183,782,1175.2980597767
49,768539.768505434,6271792.33637119,0.459308609366417,783,1125.51515477247
49,768542.299732884,6271796.64831826,0.474043354392052,784,1062.37297219131
49,768544.830960335,6271800.96026534,0.455266758799553,785,1011.7177970903
49,768547.362187786,6271805.27221242,0.436746582388878,786,1054.92139221723
49,768549.893415236,6271809.58415949,0.373367786407471,787,705.426712048767
49,768552.424642687,6271813.89610657,0.255152836441994,788,670.065072406393
50,768533.082665863,6271776.07198046,0.514826059341431,789,1103.94326913931
50,768535.621755784,6271780.37930241,0.457585066556931,790,835.536613254203
50,768538.160845704,6271784.68662435,0.470877572894096,791,1169.25846285596
50,768540.699935624,6271788.9939463,0.477301329374313,792,1123.08481731356
50,768543.239025544,6271793.30126825,0.494788229465485,793,1443.0138926204
50,768545.778115464,6271797.6085902,0.474785268306732,794,1032.21337990818
50,768548.317205384,6271801.91591215,0.462173298001289,795,1346.97152165396
50,768550.856295304,6271806.2232341,0.425486013293266,796,904.023444002042
50,768553.395385224,6271810.53055605,0.365944415330887,797,596.914379233884
